Close,High,Low,Open,Volume,Return,SMA_5,SMA_10,RSI,Target
36.48866271972656,36.777879284107165,35.96238363485609,36.54318608659887,92522400.0,0.00404450498506681,36.73710632324219,36.443861389160155,45.322737667711706,0
36.199459075927734,36.62143022362984,35.9718810007093,36.53371821727361,101766000.0,-0.007925849352721781,36.63090591430664,36.42940139770508,68.60172033039548,1
37.398983001708984,37.48669859655838,36.58349094638172,36.85848072889009,134142000.0,0.033136515196684924,36.720986938476564,36.52327766418457,67.43745060024031,0
37.05287551879883,37.05998710557618,36.4270305613809,36.93197130900929,104768400.0,-0.009254462424669208,36.69633178710937,36.61833953857422,64.75152875060762,0
36.66883087158203,37.4866995043385,36.53370710874869,37.0410207847248,166348800.0,-0.010364773093574087,36.76176223754883,36.72928466796875,57.23221123066072,1
39.174591064453125,39.387945938010034,37.98453590853503,38.700465907848546,244439200.0,0.06833488096870388,37.29894790649414,37.01802711486816,66.96988034746306,1
39.45669174194336,40.06357129642498,39.011012986557645,39.37846066569241,162958400.0,0.007201113523459535,37.95039443969726,37.29065017700195,67.61426296346626,1
39.47565078735352,40.05882254527424,39.33578115515661,39.57995887212942,130672400.0,0.00048050266185928336,38.36572799682617,37.54335746765137,70.65308221529571,1
40.596954345703125,40.694150841774515,39.65581590302126,39.68663518647969,125982000.0,0.028404941678854545,39.07454376220703,37.8854377746582,78.80183728751456,1
41.29155349731445,41.50491196410588,40.85773221114225,40.97863281022283,144406400.0,0.017109636986471388,39.999088287353516,38.38042526245117,78.72108450352701,1
41.30577087402344,41.621064429829325,40.976254147130874,41.402963748878,112958400.0,0.0003443168276511255,40.425324249267575,38.86213607788086,77.61878664228837,0
40.523468017578125,41.23465558231685,40.38122905771558,40.86957727340358,126966800.0,-0.018939311381724888,40.63867950439453,39.2945369720459,70.20361948027534,1
40.571102142333984,40.63062197871457,40.09732293693563,40.23302990762857,95280000.0,0.0011754700939019536,40.85776977539062,39.6117488861084,69.58501939651188,0
40.33777618408203,40.76156070262494,40.29492365156536,40.72346714074211,83973600.0,-0.005751038200376812,40.80593414306641,39.94023895263672,74.77104202422261,1
40.68535232543945,40.71154118145298,40.402037510238635,40.49727136519696,89134000.0,0.008616641129923774,40.68469390869141,40.34189109802246,75.38322746769234,0
40.51632308959961,41.06390606505326,40.4544237953591,40.804400566797696,89960800.0,-0.004154547673270503,40.52680435180664,40.47606430053711,76.49525743227045,1
40.6639404296875,40.77345486056133,40.325868299005165,40.40443489478929,87342800.0,0.0036434041598849554,40.55489883422852,40.59678916931152,73.01023066446356,0
40.5734748840332,40.87821610502483,40.41396218498305,40.77108114390779,98507200.0,-0.002224711739648555,40.55537338256836,40.70657157897949,75.7393799371481,1
40.69488906860352,40.81631182485076,40.35205796132108,40.40443569287842,75891200.0,0.002992452209660268,40.62679595947266,40.716365051269534,80.6103348204316,1
40.9567756652832,41.26389995148661,40.70917482812812,40.75678995456549,104457600.0,0.006435368240915729,40.6810806274414,40.68288726806641,70.56794758571868,0
40.725833892822266,41.037717113521,40.54489497965377,40.90201383684485,68998800.0,-0.005638670737860174,40.722982788085936,40.62489356994629,64.82201887179122,1
41.180572509765625,41.18771459739539,40.80202733418214,40.84964246264774,75652800.0,0.011165851585509312,40.82630920410156,40.690604019165036,68.07189698410164,1
41.48054122924805,41.87099100234358,41.41387933868056,41.463877573006464,87493600.0,0.00728422897499259,41.00772247314453,40.781547927856444,61.34048934676408,1
41.50435256958008,41.73528971312466,41.22817979112253,41.35674460959103,68280800.0,0.0005740363945696547,41.16961517333984,40.89820556640625,53.29928222986624,1
41.63291549682617,41.66386696049311,41.12342606902132,41.23770671972961,111341600.0,0.003097576983776884,41.30484313964844,40.99296188354492,54.89843734827862,0
41.223419189453125,41.64244097925039,41.16866198112314,41.5019750987165,112861600.0,-0.00983587871486602,41.40436019897461,41.06367149353027,61.797716687113095,1
41.65672302246094,41.69957553997126,41.16151778980415,41.4924477730699,103544800.0,0.010511108528296731,41.49959030151367,41.16294975280762,66.19295971632206,1
41.86622619628906,42.31857519532725,41.41863616534176,41.82813265476162,109744800.0,0.005029276395917215,41.576727294921874,41.2922248840332,72.96131337836877,0
41.79004669189453,41.90194421992407,41.5543469478492,41.88766004746085,78949600.0,-0.0018195932931085457,41.63386611938476,41.401740646362306,68.06875372027059,0
41.54958724975586,41.78052438799391,41.41150086370007,41.58529768028724,83241600.0,-0.005753988357838136,41.617200469970705,41.46102180480957,66.51452666697557,0
41.06867218017578,41.53054652391406,40.95439515303267,41.39483960253065,99185600.0,-0.011574484884513625,41.58625106811523,41.49530563354492,55.84594192517494,1
41.166290283203125,41.204383840899425,40.35443904470858,40.54966580330091,95997600.0,0.0023769481175108798,41.48816452026367,41.49387741088867,58.544964671597064,1
42.59237289428711,42.64475061563465,41.74719453203529,41.78052547900183,128044000.0,0.03464199958930614,41.63339385986328,41.60506057739258,69.87531726091149,1
43.070926666259766,43.48994492286504,42.70428251302859,42.854273633241505,129870400.0,0.011235668253572362,41.88956985473633,41.76171798706055,71.18330385113453,1
43.261375427246094,43.63992050434659,43.073290814457465,43.389936603936654,124130000.0,0.004421747469285808,42.231927490234376,41.92456398010254,75.61338215471218,1
43.742313385009766,43.83040520560543,43.46376101056902,43.78278643434196,94318000.0,0.011117028828001141,42.76665573120117,42.1764533996582,75.74178522171718,1
44.311317443847656,44.59939499066683,43.74469118922754,44.0089593533073,156171600.0,0.013008092503696611,43.395661163330075,42.44191284179688,76.98610748461903,1
44.7636604309082,44.851748588606974,44.23274110168336,44.23512421911368,104879200.0,0.010208294701094411,43.829918670654294,42.73165626525879,78.72442427298705,0
44.40892791748047,44.99460454615995,44.26369941100965,44.8422339518956,126585600.0,-0.007924564479601881,44.09751892089844,42.99354438781738,73.52721140559663,1
44.7969970703125,45.11364294068705,43.98038327138836,44.33750218240909,124140800.0,0.008738539096308173,44.40464324951172,43.318285369873045,80.39712587658558,1
46.44688415527344,46.74210375942547,45.189825893725065,45.23982413911908,204136800.0,0.036830305441485356,44.94555740356445,43.85610656738281,83.75856658791446,0
45.48504638671875,47.06589263336405,45.420763965042106,46.50640488188507,169630800.0,-0.020708337836812363,45.18030319213867,44.28798217773438,73.05842021290559,0
44.935089111328125,45.70646373072087,44.42559954645936,45.594566167299995,175381200.0,-0.01209094678534195,45.21458892822265,44.522253799438474,68.89857238476844,0
44.47083282470703,45.920738587065536,43.94467958269551,45.630281537534415,199202000.0,-0.010331709490346896,45.22696990966797,44.662244415283205,67.09401690322943,1
44.87080383300781,45.17792451700558,44.41369203462886,44.93746574322131,119393600.0,0.00899400759768465,45.24173126220703,44.823187255859374,72.46140546660489,1
44.93032455444336,45.13031028908646,44.64700961396477,44.98508177475717,83121600.0,0.001326491088883941,44.938419342041016,44.94198837280273,72.33688636998517,1
45.22316360473633,45.25411507712012,44.88747091024145,45.19459525041401,94256000.0,0.006517625973035734,44.886042785644534,45.0331729888916,68.03799653492693,1
45.5302848815918,45.63503671799312,44.84937796457391,45.62551514479362,111448000.0,0.006791238214552964,45.00508193969726,45.10983543395996,67.26852833972961,1
46.192142486572266,46.29689795003126,45.48504674102555,45.49456831370297,91062800.0,0.014536645371355128,45.349343872070314,45.28815689086914,69.30082877577834,1
46.50878143310547,46.78257110861055,45.98500419384211,46.00881357119078,93087200.0,0.0068548226925229105,45.67693939208984,45.45933532714844,68.62180087971797,1
46.58972930908203,46.751621456363765,45.98262649117338,46.37545580304311,76457200.0,0.0017404858498173414,46.008820343017575,45.473619842529295,66.41511943775373,1
46.901615142822266,46.92542452241121,46.64686858586537,46.7706708206856,74106400.0,0.006694304482242064,46.34451065063477,45.61527671813965,65.72135942919144,1
47.6396598815918,47.67060771411414,46.74447956713856,46.763526343275984,103526800.0,0.015736019676978685,46.76638565063477,45.88573379516602,72.48925481840338,0
47.49681854248047,48.29438562024931,47.43253611674226,47.69204530479587,143072800.0,-0.0029983702542453194,47.027320861816406,46.18833236694336,69.45787319399203,1
47.76346206665039,47.792034049404215,47.182548065607946,47.30158770081168,86781200.0,0.005613923886953476,47.27825698852539,46.47759819030762,61.85174476303241,0
47.36587142944336,47.85393467382123,47.24445230598995,47.81822423539419,83603200.0,-0.008324158677028515,47.433485412597655,46.72115287780762,68.84550376912368,0
47.34681701660156,47.64917866679961,46.71352900287141,47.42538360127354,111042800.0,-0.0004022814796130758,47.522525787353516,46.93351821899414,77.04207857267511,1
47.43252944946289,47.58014105940189,47.142072464719895,47.277779385224925,70146400.0,0.0018103103495061834,47.481099700927736,47.12374267578125,86.28934780312287,1
47.43729019165039,47.94201703520826,47.27301492918647,47.48728843219198,102785600.0,0.00010036871831964334,47.46919403076172,47.24825744628906,84.81908580809237,1
48.36103057861328,48.420550380484144,47.28491154360388,47.50632346281932,115627200.0,0.019472874256326822,47.588707733154294,47.43348236083985,87.70272774302386,1
48.53483200073242,48.603873379039385,48.21580670422305,48.35865206262389,96783200.0,0.0035938320594020023,47.82249984741211,47.62799263000488,87.37233806241423,1
48.69435119628906,48.79196456564161,48.172957030939074,48.28961717719952,77758000.0,0.003286695121438532,48.09200668334961,47.80726623535156,86.9371636118788,1
49.39667510986328,49.46095751587674,48.5443510738943,48.670532768749986,93292000.0,0.014423108560233544,48.48483581542969,47.98296775817871,87.0594266182334,0
49.32050704956055,49.63476982624294,49.29431818210354,49.36812218144555,70162400.0,-0.0015419673517160781,48.86147918701172,48.16533660888672,84.43181297957757,0
48.872920989990234,49.46335666793391,48.83482742810948,49.24194465100578,74172800.0,-0.009075049839218918,48.96385726928711,48.276282501220706,75.65572611030859,0
48.63958358764648,48.80623830897068,48.120569018036306,48.782428934724166,74596400.0,-0.0047743698886250074,48.98480758666992,48.40365371704102,69.88010793602021,1
48.7133903503418,49.03717824150613,48.53483093167325,48.66339211468231,88818800.0,0.0015174217633324716,48.98861541748047,48.54031105041504,64.48291617699415,0
47.77536392211914,48.42531927458395,47.403960863567825,48.34437319932044,186139600.0,-0.019256028403616843,48.66435317993164,48.574594497680664,53.093524692189646,1
50.12044906616211,51.260847173955064,49.813324772705464,49.96807847828328,259309200.0,0.04908565736654147,48.82434158325195,48.84291038513184,67.9088393210136,0
49.79426574707031,50.62754298924419,49.55142756639598,49.95854098463266,127985200.0,-0.006507988758464922,49.008610534667966,48.98623390197754,68.65382462757634,1
50.41328048706055,50.4347067473906,50.05139901490421,50.208532189593264,83569600.0,0.012431446286094827,49.36334991455078,49.17407875061035,71.56727386095395,0
49.63475799560547,49.72046666569017,48.449124420101235,48.63720541769776,129772400.0,-0.015442805624500067,49.54762344360351,49.268119430541994,64.11345506462644,0
48.296756744384766,49.382397541879435,47.81345615806851,49.01575709573647,155054800.0,-0.026956941168911674,49.65190200805664,49.15812759399414,54.70419039251418,1
48.306270599365234,48.88718445714394,48.03248095903861,48.06819138767236,105358000.0,0.00019698745054097522,49.289066314697266,49.05670394897461,49.66694616430099,0
47.78727722167969,48.01583131452178,46.82067584826434,47.71109010219779,139634400.0,-0.010743809680318517,48.88766860961914,48.94813957214355,45.63654200958609,0
47.125240325927734,47.52436694654239,46.07127049602343,47.18260069191322,164834800.0,-0.013853831694173313,48.23006057739258,48.79670524597168,41.348659538909835,0
44.386356353759766,45.28498038440615,43.70043870801492,44.861959909569315,229722400.0,-0.058119257392117096,47.180380249023436,48.36400184631348,27.441482767468983,1
45.08900451660156,45.33755885279071,44.31226720167281,44.55126329857397,146118800.0,0.015830273547161378,46.5388298034668,48.09536590576172,31.96542604992753,1
45.62914276123047,45.827509995697774,44.4580631300962,44.517812165292675,106178800.0,0.011979378352210635,46.003404235839845,47.64623527526855,36.28329861425889,0
45.42837905883789,45.99957959112661,45.132022582428725,45.38775015951254,132125600.0,-0.004399900814335722,45.53162460327148,47.20964660644531,36.38352923973395,0
45.170257568359375,45.624348646044616,44.63490505470456,44.67553394929403,131516400.0,-0.005681943662224964,45.140628051757815,46.6853443145752,35.20727879903893,0
43.75779342651367,44.05893083512368,43.086214994281725,43.860563641976256,154449200.0,-0.03126978277040193,45.014915466308594,46.09764785766602,33.86565924891002,1
44.59666061401367,44.931253596977285,44.14256596937447,44.26684492595667,113459200.0,0.019170692162729486,44.916446685791016,45.727638244628906,24.763745824247522,0
43.68370819091797,44.38396868148397,43.62874010735263,44.13302203951607,118994400.0,-0.02047131804323543,44.52735977172851,45.26538200378418,23.503603657846696,0
42.93803787231445,43.148351949089296,42.495893652579475,42.97149717862801,146118800.0,-0.017069757799511698,44.02929153442383,44.78045806884766,17.93826759739315,0
42.77314376831055,43.53076117067269,42.68949365218299,43.06710802896649,94858800.0,-0.003840280370851046,43.549868774414065,44.34524841308594,18.934960908153585,0
42.59627151489258,43.16030242542194,42.51979466347363,42.76117939821549,111792800.0,-0.004135124001547141,43.31756439208984,44.16623992919922,21.159622684332774,0
42.39312744140625,42.86395002856408,42.063311671553926,42.16368959133705,113924800.0,-0.004769057625508499,42.87685775756836,43.89665222167969,20.65860023221822,1
42.612998962402344,42.83526355157683,42.22343421090967,42.52934888124325,84873600.0,0.005186489751198176,42.662715911865234,43.595037841796874,23.539406679807172,0
41.841060638427734,42.53892900730646,41.821940507484086,42.11829342013039,108174400.0,-0.018115090295702796,42.44332046508789,43.23630599975586,23.27775458567109,0
41.418025970458984,42.522186815106615,40.693868059775646,41.96771774456351,161584400.0,-0.01011051492275572,42.17229690551758,42.86108283996582,30.397694065675395,1
42.933258056640625,42.9786678978564,41.70959922585788,41.92947519408972,123872000.0,0.036583879860965896,42.23969421386719,42.778629302978516,37.14363324151449,1
43.6263542175293,44.21189768368727,43.29176107697479,44.042208818039946,119093600.0,0.016143572425234787,42.4863395690918,42.68159866333008,38.269844582182515,1
44.26686096191406,44.32660999100133,43.53314113426265,43.75540941879875,90105200.0,0.014681647271992393,42.81711196899414,42.73991394042969,43.53034767010924,1
45.44510269165039,45.86812677005471,44.39830235170156,44.575157115158966,122737600.0,0.02661678971883852,43.53792037963867,42.99062042236328,51.388557510591156,1
46.025875091552734,46.692672688774024,45.79643720247085,45.841847050596854,104883600.0,0.012779647651870008,44.45949020385742,43.3158935546875,62.50997323637832,1
46.55883026123047,46.843236207404864,46.2696470186837,46.57078079574365,107731600.0,0.011579468475452215,45.18460464477539,43.712149429321286,61.200644378218136,0
46.41065979003906,46.836072616312435,46.21946215370694,46.35329940510195,73012800.0,-0.0031824354340531658,45.74146575927735,44.11390266418457,67.0553862128069,0
46.401084899902344,47.03203437023856,46.26963998062483,46.532533465970424,86698400.0,-0.00020630799432796998,46.168310546875,44.49271125793457,73.85575709733587,0
46.0640983581543,46.26724280538429,45.48094743332432,45.77969248524212,75046000.0,-0.007262471178745122,46.292109680175784,44.915015029907224,72.14521360649829,1
46.33895111083984,46.59467867410405,45.92787754991537,46.10234367212921,58676400.0,0.005966745523781292,46.3547248840332,45.407107543945315,74.85714604217134,1
47.42877197265625,47.868523890430765,46.65442699718173,46.85518283180173,106204000.0,0.023518462021499653,46.52871322631836,45.856658935546875,79.9204517225185,0
47.290164947509766,47.77054952176629,47.15632769290016,47.722747376441426,84496800.0,-0.0029224249201812436,46.7046142578125,46.22304000854492,78.06145873051693,1
47.670162200927734,47.945006248507305,47.32839589241973,47.88764587347905,86056000.0,0.008035439373911046,46.95842971801758,46.56337013244629,86.69864374410396,0
47.50764846801758,48.002372187149874,47.357079745361425,47.5124294115218,191202400.0,-0.0034091290108300143,47.24713973999023,46.76962471008301,89.63912646614494,0
47.4598503112793,47.83746462139094,47.36186102609769,47.450288424202775,72881600.0,-0.0010061149789483137,47.471319580078124,46.91302223205567,86.42315377838895,0
46.74047088623047,47.62236346699699,46.67354862052132,47.42399625849341,84281200.0,-0.015157642098122315,47.33365936279297,46.931186294555665,74.95214952699709,1
47.75142288208008,48.03582883274254,47.16588314960564,47.266261076876305,104270000.0,0.021629050300120856,47.42591094970703,47.06526260375976,76.35577791434763,0
47.73707962036133,48.17444289617968,47.69645072327974,47.86852455047612,83598800.0,-0.00030037349366884847,47.43929443359375,47.198862075805664,71.03995865042378,0
47.30210494995117,47.67971920381685,47.09417952190008,47.483740662644806,124442400.0,-0.009111882709821773,47.39818572998047,47.32266273498535,62.037800642772126,1
48.16967010498047,48.87231930153746,47.95457140270037,48.55684266357657,109012000.0,0.0183409418237781,47.5401496887207,47.50573463439942,64.29180639021148,1
48.4516716003418,48.54727221513432,48.124248155805006,48.13619868850289,67740800.0,0.005854337277933164,47.882389831542966,47.60802459716797,67.68835067326543,1
48.85318374633789,48.860353336137315,48.442110246149355,48.58311704125847,45448000.0,0.008286858486699966,48.10274200439453,47.76432647705078,69.89918577171518,0
48.81017303466797,49.013321180685026,48.49230778045325,48.59985894410412,69062000.0,-0.0008804075470955075,48.31736068725586,47.87832756042481,73.40140499387225,0
47.80400848388672,48.13382067409461,47.4192245563178,47.99281382808152,101354400.0,-0.020613828802995893,48.41774139404297,47.907963562011716,61.101206270804546,1
48.09557342529297,48.16009974250935,47.514811042809626,47.60801937002413,82312000.0,0.006099173493045562,48.40292205810547,47.97153587341309,55.74790731689352,1
48.571163177490234,48.69066119500387,48.17204023660951,48.24135112896987,71588400.0,0.009888430853953745,48.42682037353516,48.154605102539065,60.436056521517536,0
48.21745681762695,48.84840629256591,48.20789857947526,48.59029010098307,80767200.0,-0.007282229551941244,48.29967498779297,48.20120849609375,54.47789051312686,1
48.58790588378906,48.755202417628624,48.32500872576195,48.384757748332575,70380800.0,0.0076828827277901635,48.25522155761719,48.28629112243652,58.547676987076905,1
49.04438400268555,49.202118633701346,48.75519716004061,48.776705930616785,67789600.0,0.009394891806785655,48.50329666137695,48.460519027709964,61.77620626618826,0
48.87470245361328,49.25948632051337,48.63570635359561,48.89621122738501,67467200.0,-0.0034597549244980152,48.659122467041016,48.531022262573245,67.27285301113167,0
48.599857330322266,49.01570820127691,48.58073720512569,48.7671538673035,56430000.0,-0.005623463867669987,48.66486129760742,48.54584083557129,57.795406846409335,1
49.15193557739258,49.20451500768722,48.68350164752872,48.75520120218422,74162400.0,0.01135966806070976,48.85175704956055,48.57571601867676,61.83064735295581,0
48.41822052001953,49.35269617512712,48.36325243642237,49.18300733429522,83717200.0,-0.014927490621763462,48.81781997680664,48.53652076721191,58.888588467252184,1
49.5247802734375,49.5271689219853,48.662004064763416,48.6715623057463,89111600.0,0.022854201198089008,48.91389923095703,48.70859794616699,60.39616362089007,1
49.91195297241211,49.928684452662075,49.54150822627612,49.82113691908496,73420800.0,0.007817757026622685,49.1213493347168,48.890235900878906,61.025105180938866,0
49.871315002441406,49.98603210762174,49.51282085781072,49.63231890602095,59966400.0,-0.0008141931451403073,49.375640869140625,49.02025108337402,58.129890859024464,0
49.47696685791016,50.00753841889171,49.40765595621234,49.92388833664692,55638400.0,-0.007907313944136796,49.44064712524414,49.146202087402344,55.04154466310872,1
49.649051666259766,50.12465157648066,49.50565254598537,49.58691034563834,70475600.0,0.0034780791806376943,49.68681335449219,49.25231666564942,65.96358720370297,1
50.11270904541016,50.34214694513412,49.81635616480668,49.82113710872368,86693600.0,0.009338695576042388,49.80439910888672,49.35914916992188,66.94785964282516,0
49.89759826660156,50.22741400398605,49.5462737585504,49.89281732418989,135742800.0,-0.004292539415773233,49.80152816772461,49.461438751220705,61.654768903633816,1
50.91572570800781,52.90656358701365,50.49987484291198,51.723533663924655,277125600.0,0.020404337618945556,50.01041030883789,49.69302558898926,71.22967553488752,0
49.81395721435547,52.10832131790344,49.41005685372621,51.12126622143504,216071600.0,-0.021639060984238512,50.07780838012695,49.75922775268555,58.65089883733074,0
48.75999450683594,49.335972444521424,48.188793866358694,49.12087737281385,163448400.0,-0.021157979940927052,49.89999694824219,49.79340515136719,48.14940953179075,0
46.2075080871582,47.476576876746385,46.02587235225602,47.3188422121064,209572000.0,-0.052347963643020634,49.1189567565918,49.461677932739256,36.75219893841608,1
47.08222198486328,47.337949509555145,46.37479207024917,46.91731412640446,143299200.0,0.018930124863153486,48.55588150024414,49.178704833984376,42.88592233790953,1
47.56977844238281,47.6940574258256,46.3222222523882,46.70222514662527,133457600.0,0.010355425826680031,47.88669204711914,48.948551177978516,42.53833352823179,1
48.61898040771485,48.642881479152365,47.65343765837779,47.84702393793063,108038000.0,0.022056061635915558,47.64769668579102,48.862752532958986,50.919450104964234,0
48.21833038330078,48.642958039918,47.81049045089646,48.2927000747768,98478800.0,-0.008240609347506922,47.539363861083984,48.71968040466309,43.60303308555714,0
48.09598159790039,48.472632859788966,47.77690864820563,47.889663888347634,89927600.0,-0.0025373915775972478,47.91705856323242,48.51800765991211,40.87144711166747,1
50.13277053833008,50.893266254855526,48.09598298618555,48.22553327719939,188874000.0,0.0423484223163999,48.52716827392578,48.54152488708496,51.09461516225422,0
48.64056396484375,49.52581081950047,48.60217842422012,48.73892553994931,146189600.0,-0.029765092921513858,48.74132537841797,48.314008712768555,46.79309715398303,0
48.39826202392578,49.213934627282455,47.90165870212019,48.81089743333585,108909600.0,-0.004981478855654253,48.697181701660156,48.17243919372559,45.22995607428588,1
49.54021453857422,49.69855218030373,48.902068523589755,49.00762695140943,110481600.0,0.02359490748002302,48.96155853271485,48.250461196899415,47.92411646725221,1
50.46384048461914,51.03480988446153,50.387069397884126,50.52861197082405,97654400.0,0.01864396338707297,49.4351303100586,48.676094436645506,51.95287020097182,1
50.46624374389648,51.18355856408945,50.456649187325645,50.5909949432012,107537200.0,4.762339239849922e-05,49.501824951171876,49.014496612548825,48.3330253914799,1
51.01321792602539,51.25551979787076,50.76371922258588,51.0971858421528,86141600.0,0.010838416762394054,49.976355743408206,49.35884056091309,54.638526360953975,0
50.97003936767578,51.44504857878068,50.559801644007706,51.14516837923141,89014800.0,-0.0008464190283432593,50.4907112121582,49.59394645690918,59.27313120836413,0
48.61418533325195,50.87168465912164,48.22074260469428,50.2431331866759,187272000.0,-0.04622036913547811,50.30550537109375,49.633531951904295,60.267607210838634,1
49.53782653808594,49.70575876955832,49.19476158033341,49.38668569943675,104174400.0,0.01899941752602441,50.12030258178711,49.77771644592285,60.43279126378808,0
48.97883224487305,50.03201131914729,48.82769145865033,49.86647686959799,103493200.0,-0.01128419093605415,49.82282028198242,49.66232261657715,55.95033470078937,1
49.307498931884766,49.35308130541824,48.77731281814011,48.96443775953784,63755200.0,0.006710382260004311,49.481676483154295,49.72901611328125,53.0959716741345,1
50.142364501953125,50.21673786254846,49.57859195226925,50.02001470468099,83962000.0,0.016931817434538088,49.316141510009764,49.90342636108399,58.326410808383635,0
50.07759475708008,50.4878288131881,49.70814030749895,50.418258218749706,84573600.0,-0.0012917170045007031,49.60882339477539,49.95716438293457,58.61853967891598,0
49.34828567504883,49.65536271132292,48.99322853822822,49.52341468933475,80092000.0,-0.014563580490816963,49.57091522216797,49.84560890197754,46.1502374838913,1
50.18556213378906,50.25513274380747,49.73694243376405,49.99363803420186,76752400.0,0.01696667771305327,49.81226119995117,49.8175407409668,58.10272915839745,1
51.1667594909668,51.33229394881414,50.74212809831234,50.859682455783634,95654800.0,0.01955138720100358,50.184113311767575,49.83289489746094,63.47501178085274,0
51.16196060180664,51.44025031008519,50.98203247914074,51.35148694097706,77449200.0,-9.378919454539059e-05,50.38803253173828,49.85208702087402,58.876012545352886,1
51.380271911621094,51.92485536288293,50.63657123511484,51.54100725454967,109237600.0,0.004267063014132155,50.64856796264648,50.12869567871094,55.43538118959953,1
51.98723220825195,52.00642498087169,50.79011275885333,51.30590525316312,127111600.0,0.011813100126735199,51.17635726928711,50.37363624572754,58.41739084908157,1
53.64017105102539,53.66896203989214,52.23433250615887,52.3159027038598,177158400.0,0.031795092228646515,51.867279052734375,50.83977012634277,62.95244400641002,0
53.52022171020508,54.31910305503912,53.465044774742466,53.930459461580966,128906800.0,-0.0022361849052683347,52.33797149658203,51.2610424041748,62.47944251651599,0
52.47903060913086,52.968433443898334,52.06399747203743,52.77891078404018,159053200.0,-0.019454162703434585,52.601385498046874,51.49470901489258,71.70561402396228,1
52.75492477416992,52.810105368157046,52.19354990284835,52.234333171895095,84632400.0,0.005257226778709878,52.87631607055664,51.76244201660156,69.48546485701915,1
52.94684219360352,52.975633179223315,52.567793218654614,52.769315475406735,73274800.0,0.003637905280978959,53.06823806762695,52.12229766845703,75.15204535826415,1
53.443450927734375,53.462643699876494,52.64456963297275,53.03321320207144,101360000.0,0.009379383426021404,53.02889404296875,52.44808654785156,75.6700471487038,0
53.00921249389648,53.68094105738263,52.86766629027621,53.261108874880726,88242400.0,-0.008125194505591904,52.926692199707034,52.63233184814453,68.7244463468584,0
52.234317779541016,53.39305500210904,52.17194403243454,53.10996992603427,221652400.0,-0.014618114057904252,52.877749633789065,52.739567565917966,62.89060184353399,1
52.47183990478515,52.74053140147138,52.21514068797828,52.52701683843027,76662000.0,0.0045472427963282325,52.82113265991211,52.848724365234375,69.8353668019513,0
52.22233581542969,53.376277900497726,52.10478511979031,53.026016216053826,124763200.0,-0.004755009349933448,52.676231384277344,52.87223472595215,63.97745086027893,1
53.02601623535156,53.13877148349561,52.092789198613566,52.43105494304572,87613600.0,0.015389591587062323,52.59274444580078,52.81081924438477,63.07786674766441,0
52.75253677368164,53.00443692718603,52.49823889590211,52.7789263832992,75334000.0,-0.0051574581891293825,52.54140930175781,52.73405075073242,60.780511515828465,0
52.49582290649414,53.009217592623266,52.12636850039442,52.90845463776227,101408000.0,-0.004866379569362755,52.593710327148436,52.73572998046875,57.52175879032496,1
53.731327056884766,53.87766871925499,52.96843003744191,52.99481963756266,103909600.0,0.02353528494240975,52.84560775756836,52.833370208740234,60.840917799436255,1
53.88008117675781,54.750934558240175,53.7865186890434,53.99523782367357,139223200.0,0.0027684802892651295,53.17715682983398,52.92669410705567,51.834216741533254,0
52.529415130615234,53.63777114984615,52.28231048438784,53.5130199648798,138449200.0,-0.02506800317749358,53.07783660888672,52.83529052734375,43.62462003094734,1
52.97563934326172,53.00922577985395,51.61058406203605,52.402264876088374,114426000.0,0.008494749304498006,53.122457122802736,52.831933212280276,53.460397726578,1
54.46063995361328,54.57579658165948,53.71214017454711,54.131972438434296,138478800.0,0.02803176382127881,53.515420532226564,53.0545654296875,60.17158317944352,1
54.47264099121094,55.161164797015786,54.17995760700077,54.283118305032474,122306000.0,0.0002203616705178657,53.663683319091795,53.25464553833008,59.298217391647974,0
53.8344841003418,54.712534075004065,53.817692715154585,54.175151178670255,111820000.0,-0.01171518177303188,53.654563903808594,53.41586036682129,52.342542744486494,1
54.46543502807617,54.647760851343286,54.13196842959568,54.46543502807617,74770400.0,0.011720200133400471,54.04176788330078,53.55980224609375,58.52284651553248,1
55.19954299926758,55.28351091299054,54.53021205565109,54.68134917544705,113013600.0,0.013478419309659095,54.486548614501956,53.80450286865234,67.43785270937335,1
56.66776657104492,57.010827782874266,55.73213809572937,55.88567662071718,166795600.0,0.026598473320636362,54.927973937988284,54.22169723510742,71.55522824570767,0
56.58618927001953,57.128374978236515,56.298305029368485,56.35348195750364,96427600.0,-0.001439571487666047,55.35068359375,54.5071834564209,72.8114737949556,0
56.454254150390625,57.01322767590327,56.34869572407409,56.71094972289009,87360000.0,-0.0023315780993721225,55.874637603759766,54.76460075378418,69.27428362595676,0
56.22633743286133,56.4350565436216,55.94565000181856,55.98643327019431,73903200.0,-0.004037192961971359,56.2268180847168,55.13429298400879,69.63102208348784,1
56.44465255737305,56.653368012877294,56.02242253800609,56.39907017958543,67585200.0,0.0038827911345356014,56.47583999633789,55.48119430541992,72.41275980659191,1
56.71574020385742,56.996427616238385,56.20714092357815,56.27911289972252,97433600.0,0.004802716186601108,56.48543472290039,55.70670433044434,69.02131682112018,1
57.69934844970703,57.8145050826637,56.93405725098848,56.9820373510636,87247200.0,0.01734277366942849,56.70806655883789,56.029375076293945,72.00096688421561,0
57.567405700683594,58.104788693598735,57.48583550156147,57.85528996983772,82293600.0,-0.002286728577852948,56.93069686889648,56.40266723632813,83.76194929210494,1
58.33988952636719,58.35428685033186,57.869679441632414,58.08079626535233,75828800.0,0.013418770852729578,57.353407287597655,56.79011268615723,84.44226401932795,1
58.43585586547851,58.72853923419843,58.01122447632799,58.65896497767729,69275200.0,0.0016449523626189677,57.75164794921875,57.11374397277832,81.0647546696445,1
59.15556716918945,59.19155132829628,58.26792252496766,58.33509539573167,73477200.0,0.012316261874691259,58.23961334228515,57.36252403259277,82.95058329141594,1
59.74812698364258,59.79610707966142,59.18914989643876,59.35708206282803,96572800.0,0.010016974611338991,58.64936904907226,57.67871780395508,91.87902993130679,0
58.36628341674805,59.916065952572374,58.19355578359902,59.72894099440109,142839600.0,-0.023127813986082657,58.80914459228516,57.86992073059082,74.96933114549148,0
58.359073638916016,58.84848008299027,57.867273132173096,58.71892981105744,124522000.0,-0.00012352641645096973,58.81298141479492,58.08319435119629,72.29927070185792,1
59.67856216430664,59.776923756110406,56.91966410977776,59.313910448417545,139162000.0,0.0226098264265584,59.06152267456055,58.40658531188965,71.70522809599711,1
61.37228775024414,61.39867369524902,59.77452506763022,59.86568616480788,151125200.0,0.02838080417008615,59.50486679077149,58.87224006652832,77.99610220314332,1
61.77531433105469,61.859282241976885,61.26671873981368,61.73452740702055,103272000.0,0.006566914736023444,59.91030426025391,59.279836654663086,80.16855133059782,0
61.686561584472656,61.94085942383755,61.49223978875598,61.667365150580366,79897600.0,-0.0014367024683420437,60.57435989379883,59.69175224304199,81.45391210181174,1
61.71294403076172,61.772920071009715,61.26432442111376,61.600188782243734,75864400.0,0.0004276854733251678,61.24513397216797,60.02905769348145,81.03453312617442,1
62.42518997192383,62.64656766388103,62.107563983005626,62.259158538774514,94940400.0,0.011541273104830108,61.79445953369141,60.42799110412598,81.9715722421358,1
62.596038818359375,62.66822320552135,61.804382437202555,62.24713047943625,69986400.0,0.002736857453095265,62.03920974731445,60.772038269042966,80.16619587236383,1
63.09172439575195,63.156690344064025,62.148473460221936,62.15328330493137,81821200.0,0.007918801041563617,62.30249176025391,61.106398010253905,82.57289932401034,0
63.03396224975586,63.23368460284211,62.78371817488001,62.935305370069344,87388800.0,-0.0009155265060402096,62.57197189331055,61.57316589355469,80.2250242311492,1
63.637943267822266,63.71253625362745,62.819821674837314,62.83425855316897,102734400.0,0.009581834879319295,62.95697174072266,62.101052856445314,81.4393003242382,0
63.197601318359375,63.7365976703758,63.06766207518593,63.46469090031498,89182800.0,-0.006919487444930428,63.111454010009766,62.45295677185059,75.28213478046958,1
63.948341369628906,63.95315121393565,63.28662428540103,63.44783851732507,100206400.0,0.011879249142505488,63.38191452026367,62.71056213378906,75.76175464095344,1
64.27079772949219,64.3502005739508,63.58020667203672,63.95798151095038,86703200.0,0.005042450718142133,63.61772918701172,62.96011047363281,91.6241908895576,0
64.07587432861328,64.48734000161132,63.859313834576106,64.46327609265741,76167200.0,-0.0030328455187270675,63.8261116027832,63.199041748046874,89.26179314363142,0
63.3299560546875,64.0253569677477,62.6586117144653,63.8954250386282,106234400.0,-0.011641171997128552,63.76451416015625,63.36074295043945,77.22161710211614,0
63.04601287841797,63.52726176608309,62.8462904778028,63.450260181670615,121395200.0,-0.004483552396978396,63.734196472167966,63.422825241088866,65.7987770231294,0
62.99065780639648,63.32753051201079,62.76447027335383,63.18556299119027,65325200.0,-0.0008780106702106494,63.542659759521484,63.46228713989258,62.27784119330457,1
64.09514617919922,64.11199165639886,63.16874039581855,63.21445963777363,84020400.0,0.017534161592619224,63.50752944946289,63.562629318237306,70.18906343127996,0
63.5946159362793,64.28520669383914,63.163896263735886,64.23226903943005,105207600.0,-0.007809175464246865,63.411277770996094,63.61869468688965,64.61102261074177,1
64.4488296508789,64.482520587069,63.84005029539335,63.905016230980486,65235600.0,0.013432170350010653,63.63505249023437,63.69978332519531,65.37442492808157,0
64.30686950683594,64.48733780292622,63.98202510521868,64.15046511887911,46617600.0,-0.0022026799371217543,63.88722381591797,63.81071014404297,63.055192979228515,0
63.56334686279297,64.5474998469269,63.392505582875074,64.31168527473677,94487200.0,-0.011562102925317008,64.00176162719727,63.772210693359376,53.46774261408099,0
62.43001174926758,62.4492584727649,61.66963766381255,62.155696372325146,114430400.0,-0.01783001005236229,63.66873474121094,63.58813209533692,46.16573911274504,1
62.98104476928711,63.35882693962411,62.72598342526647,62.81983049086743,67181600.0,0.008826412242762371,63.5460205078125,63.4786491394043,45.80136441880539,1
63.9050407409668,63.97964107924649,63.21926690581925,63.474328245499024,74424400.0,0.014671016891899535,63.43726272583008,63.53615760803223,54.258391707466934,1
65.13943481445312,65.2092179525118,64.31890465939279,64.36222263596946,106075600.0,0.01931606738957936,63.60377578735351,63.745499801635745,56.77522193637534,0
64.22748565673828,65.16110241589925,63.74382813052384,64.96860578052659,128042400.0,-0.01399995502436413,63.736603546142575,63.86918258666992,49.76911463984812,1
64.60285949707031,64.98545151813082,63.972417225633926,64.6317332581653,90420400.0,0.005844442398667216,64.17117309570312,63.91995391845703,52.756194884481864,1
65.15386962890625,65.23327979738657,64.60765485527283,64.68224783580021,78756800.0,0.008529191062524477,64.60573806762696,64.07587928771973,59.73781734138327,1
65.3199234008789,65.58461181421377,64.3237418094073,64.43442702106485,137310400.0,0.002548640209989683,64.88871459960937,64.16298866271973,62.29510969422902,1
66.20779418945312,66.24388637643624,65.19235905044793,65.31988967330359,133587600.0,0.013592648955284448,65.10238647460938,64.35308113098145,65.95844366794447,1
67.34113311767578,67.56491936417281,66.64814109575056,66.65295093960472,128186000.0,0.017117907975904068,65.72511596679688,64.73085975646973,66.055600504773,1
67.4734878540039,67.80073350823116,67.08607875742219,67.27136424228581,114158400.0,0.0019654367279036133,66.29924163818359,65.23520736694336,69.91124344939216,0
67.31226348876953,67.8320130444866,67.16307754415392,67.32670036448889,116028400.0,-0.0023894476239797457,66.73092041015624,65.6683292388916,65.82459356603587,1
67.37964630126953,67.65877150492523,67.12218375712777,67.25452424857191,98369200.0,0.0010010480855577875,67.14286499023437,66.01578979492187,67.12265578766215,0
67.24007415771484,68.012476324904,67.02832353839587,67.91141820231184,275978000.0,-0.0020714288545035098,67.34932098388671,66.22585372924804,71.96663953025133,1
68.33734130859375,68.39749741890061,67.46387341201411,67.50237420380351,98572000.0,0.01631864873178479,67.5485626220703,66.6368392944336,85.44615704365366,1
68.40229034423828,68.55148362924618,68.07745330355267,68.50335581559546,48478800.0,0.000950417947213289,67.73432312011718,67.01678237915038,84.54458610337996,1
69.75942993164062,69.7762754042592,68.50577869758881,68.53465245449213,93121200.0,0.019840557685604665,68.2237564086914,67.47733840942382,85.3531018589546,0
69.73294830322266,70.73635528399755,69.32870107290967,70.05057427415741,146266000.0,-0.00037961360125671195,68.69441680908203,67.9186408996582,82.47691051279645,1
70.14681243896484,70.42834617784854,68.6308818725006,69.65112683312934,144114400.0,0.0059349869152609536,69.27576446533203,68.31254272460937,95.02154001847613,1
70.65935516357422,70.66657360200388,69.66557519453796,69.76423208192604,100805600.0,0.0073067144006770945,69.74016723632812,68.64436492919921,95.1232960184441,1
72.27156829833984,72.3317244218871,71.02994502713108,71.28259780871886,135480400.0,0.022816697534719932,70.51402282714844,69.12417297363281,95.78914819995583,0
71.56891632080078,72.32688174170664,71.34513738245916,71.50154177990413,146322800.0,-0.009722384529397332,70.87592010498047,69.54983825683594,87.6044251086719,1
72.13919067382812,72.17769145821572,70.44279162661955,70.693043053502,118387200.0,0.00796818482581374,71.35716857910157,70.02579269409179,87.1117878999074,0
71.7999267578125,72.40388908002937,71.5809576466451,72.14882777323544,108872000.0,-0.004702907155551328,71.68779144287109,70.48177795410156,80.97596965704103,1
72.9549331665039,73.2557137520239,71.50396791568657,71.50396791568657,132079200.0,0.01608645664204289,72.14690704345703,70.94353713989258,83.34280065714366,1
74.50454711914062,74.69704373534724,73.67920704582386,73.92945117823741,170108400.0,0.021240701421795016,72.59350280761718,71.55376281738282,87.42775151683105,1
74.67298126220703,75.23604892918155,74.17248564445511,74.73795456246773,140644800.0,0.0022607229971758347,73.21431579589844,72.04511795043945,87.55859985824452,1
76.26830291748047,76.29477541829935,74.87027582985212,74.98818677177965,121532000.0,0.02136410825317947,74.0401382446289,72.69865341186524,90.43085316470574,0
75.2384262084961,76.41508290193035,75.11571277328815,76.20574087506732,161954400.0,-0.013503338472060422,74.72783813476562,73.20781478881835,81.09259729036862,0
74.916015625,75.91701422144251,74.48529580198468,75.03873644474652,121923600.0,-0.004285185107442913,75.12005462646485,73.63348083496093,78.68194996422176,1
75.85441589355469,75.96510837901029,75.09645067820102,75.45738719439537,108829200.0,0.012526030124879517,75.39002838134766,73.99176559448242,77.86570860511354,1
76.69420623779297,76.69660748800922,75.7966747158336,76.10226501476049,137816400.0,0.011071080494730046,75.79427337646484,74.50429458618164,79.62322051463198,0
76.17447662353516,76.76400206376488,76.03731893774885,76.32366259336249,110843200.0,-0.006776647673311542,75.77550811767578,74.90782318115234,75.42131939188945,1
76.44639587402344,76.99742061464276,76.35254880740233,76.65813923599681,101832400.0,0.0035696897772221625,76.01710205078125,75.37247009277344,74.91212824054824,1
76.81452941894531,76.89393223945343,75.95308995960856,76.499312044199,104472000.0,0.004815577513013425,76.39680480957031,75.75842971801758,71.90259871627462,0
76.59317016601562,77.80110229414466,76.40307478925112,77.05998219911793,146537600.0,-0.0028817367574094366,76.5445556640625,75.96729202270508,75.40187357134977,0
74.34091186523438,75.01946709734743,73.36156878763045,74.60800142643146,161940000.0,-0.02940547173983632,76.07389678955079,75.93408508300782,59.513536607718585,1
76.44395446777344,76.61479570938447,75.12052047129349,75.21917734131473,162234000.0,0.02828916877360177,76.12779235839844,75.9516502380371,67.41253996260622,1
78.04411315917969,78.88870711130171,77.33186702648361,78.0705856603743,216229200.0,0.02093244263129823,76.44733581542968,76.23221893310547,68.46521845766128,0
77.93101501464844,77.98395267078313,76.6990193918119,77.12973907839535,126743200.0,-0.001449156636587956,76.6706329345703,76.53371887207031,63.87915774587995,0
74.47566223144531,77.64468154540367,74.18210016247106,77.22358883501371,199588400.0,-0.04433860873688911,76.24713134765625,76.39584350585938,49.368815487559104,0
74.2711181640625,75.43333062820889,72.72149664968535,73.2219921031148,173788400.0,-0.002746455167423112,76.23317260742188,76.15353469848633,42.98744960420043,1
76.72308349609375,76.91317880860565,75.467023963902,75.87127115182567,136616400.0,0.03301371236413786,76.28899841308593,76.2083953857422,54.73963049797089,1
77.3487319946289,78.14519833259766,76.74717087270234,77.8468190226948,118826800.0,0.008154631826900127,76.14992218017578,76.29862899780274,57.618713792347094,1
78.25346374511719,78.2558723391088,77.06237729988993,77.61821910965085,105425600.0,0.011696788391451607,76.21441192626953,76.44252243041993,57.52914945091571,0
77.1897964477539,78.00262411427845,76.7001698716179,77.75419304088338,117684000.0,-0.01359259062100815,76.75723876953126,76.50218505859375,51.53380230341887,1
77.55638885498047,77.55638885498047,75.69918842968313,75.77877968419138,109348800.0,0.004749234019222781,77.41429290771484,76.82373275756837,54.31780864238733,0
77.0884780883789,78.12320868151228,76.87140364468625,78.05085298718184,94323200.0,-0.0060331685565774285,77.48737182617188,76.8881851196289,51.98192321369276,1
78.91915130615234,78.92397256512416,77.5370987782025,77.5370987782025,113730400.0,0.02374768919000636,77.80145568847657,76.97568893432617,55.95838717021267,0
78.35717010498047,78.68278545723169,77.99055564537478,78.19315895415963,94747600.0,-0.007120973703730993,77.82219696044922,77.01830444335937,54.899557492681744,1
78.37649536132812,78.62492647846962,77.8699832442395,78.32583899712654,80113600.0,0.0002466303507613343,78.05953674316406,77.40838775634765,62.79618972786397,0
76.94134521484375,77.12224179450247,75.88249370210502,76.06339028176376,152531200.0,-0.01831097626741418,77.93652801513672,77.67541046142578,51.64690202355185,1
78.0556869506836,78.28482562119284,77.18256041371585,77.18256041371585,93984000.0,0.014483003029492902,78.12996978759766,77.80867080688476,50.03959563899845,0
77.2549057006836,78.30410746194534,76.75080805425196,77.81689526489554,100566000.0,-0.010259101947381999,77.7971206665039,77.79928817749024,47.79087733223117,0
75.5062484741211,77.29110106607291,74.891202892234,76.84970917824121,129554000.0,-0.02263490209071639,77.22693634033203,77.52456665039062,53.79004304590609,0
71.919677734375,73.3668508412422,69.76098226638659,71.69778197998241,222195200.0,-0.04750031702310509,75.93557281494141,76.99755477905273,43.07503572487799,0
69.48358917236328,72.96886672904328,69.01326241271661,72.58778111739974,230673600.0,-0.03387235091638008,74.44402160644532,76.19027481079101,28.659818761556792,1
70.5858383178711,71.84729301659297,69.102487954342,69.109723522527,198054800.0,0.01586344572347209,72.9500518798828,75.54001083374024,30.60954759271445,0
65.9718017578125,68.98192476086734,65.83673284364053,67.80006808151072,320605600.0,-0.06536773763711756,70.6934310913086,74.24527587890626,20.962627267656927,0
65.93321228027344,67.15125422909904,61.83530222470277,62.04996979820484,426510000.0,-0.0005849389665106841,68.77882385253906,73.00288009643555,22.03047898527234,1
72.07160949707031,72.70595468778731,66.98479850420505,68.08464913181372,341397200.0,0.09310022983111077,68.80921020507813,72.37239151000976,39.40947715682349,0
69.78267669677734,73.32342450844571,68.93366391267253,73.24383324028676,319475600.0,-0.031759146441512676,68.86902770996093,71.65652465820312,36.82013850618345,1
73.0195083618164,73.1786982425022,70.70162361460446,71.49997996726277,219178400.0,0.046384458410844376,69.35576171875,71.15290679931641,39.87079094698289,0
70.6509780883789,72.25009782118012,70.28677058471263,71.27808040208855,187572800.0,-0.032436951803363034,70.29159698486328,70.49251403808594,37.54191686043271,0
69.71273803710938,70.14448006147832,67.8314160013331,68.01713389438318,226176800.0,-0.01327993011074613,71.04750213623046,69.91316299438476,36.39801336846256,0
64.19901275634766,67.07405914136177,63.43441974354321,63.61531637779285,286744800.0,-0.07909207751711977,69.47298278808594,69.14109649658204,32.26584869594505,1
68.82269287109375,69.08800927675087,64.97080213278336,66.84489505583919,285290000.0,0.07202104699482192,69.28098602294922,69.07500686645508,38.293493832785344,0
66.4324722290039,67.82899618098686,65.57140256073914,66.9052206904251,255598800.0,-0.03473012377714968,67.96357879638671,68.65967025756837,36.80987265481861,0
59.87195587158203,65.12278275616039,59.81648193899176,61.731574731862445,418474000.0,-0.09875466225021212,65.80777435302734,68.04968566894532,32.94562688834827,1
67.04510498046875,67.51543909047871,61.01039330045894,63.89027147674693,370732000.0,0.1198081640137536,65.27424774169921,68.16087493896484,45.06853662768548,0
58.419960021972656,62.4889229945198,57.88691638094368,58.35724684046864,322423600.0,-0.12864690063515793,64.11843719482422,66.79570999145508,40.05288366033731,1
60.98870086669922,62.13437593513169,57.50101194051955,59.698303330138536,324056000.0,0.04397026022887407,62.551638793945315,65.91631240844727,41.59307105171422,0
59.49569320678711,60.298874658885616,57.19227545874743,57.83144573834236,300233600.0,-0.02448006989319751,61.164282989501956,64.56393089294434,43.998903051173485,0
59.039833068847656,60.98386817289122,58.51643928547833,59.669353459047855,271857200.0,-0.007662069527537674,60.99785842895508,63.40281639099121,43.66125782706053,0
55.29166030883789,60.740266023209095,54.99257655004273,59.61870468799079,401693200.0,-0.06348549047621699,58.647169494628905,61.96070861816406,33.86070113713522,0
54.11702728271485,55.113165767293296,51.28056983554764,55.01186410993206,336752800.0,-0.021244307361399373,57.786582946777344,60.952510070800784,34.6024081496266,1
59.54634475708008,59.74171251843163,56.51210499986582,57.008967128821915,287531200.0,0.10032549360114928,57.498111724853516,60.024875259399415,37.30454443599417,0
59.21831512451172,62.288732546346424,58.92405634525676,60.47976645109919,303602000.0,-0.0055088122353531555,57.44263610839844,59.303459548950194,38.796436037791054,1
62.33456039428711,62.39244495401999,59.42091855638433,59.45951071644022,252087200.0,0.05262299785502522,58.10158157348633,59.549720001220706,43.06568029360304,0
59.75377655029297,61.7146935301043,59.58735106071219,60.96216472193176,204216800.0,-0.04140213434842266,58.994004821777345,58.820587158203125,45.57841941201415,1
61.45903015136719,61.63028059072722,60.1541614987464,60.477366294133525,167976400.0,0.02853800545374674,60.462405395507815,59.12449417114258,42.22406913929403,0
61.333595275878906,63.31139742053906,60.78125926146835,61.649564437343955,197002000.0,-0.0020409511048148365,60.819855499267575,59.158983612060545,44.34517322560687,0
58.10639953613281,59.990135502333565,57.67707190892179,59.45468128316464,176218400.0,-0.05261709712646301,60.5974723815918,59.020054244995116,47.88561034562091,1
59.07601165771485,59.12907496179199,57.13921209995254,57.96892520332119,165934000.0,0.016686838787508984,59.945762634277344,59.023672103881836,38.79090149901069,0
58.22700500488281,59.26173205327884,57.638487411525155,58.56226659383969,129880000.0,-0.014371428080676263,59.64040832519531,59.31720657348633,49.65259987599034,1
63.306583404541016,63.4609446975246,60.14933518159841,60.51594969304915,201820400.0,0.08723750086806348,60.009918975830075,60.236162185668945,53.827145657138026,0
62.573341369628906,65.53281460871749,62.46962908019549,65.31573278898928,202887200.0,-0.011582397840467107,60.25786819458008,60.53886184692383,55.21240101091714,1
64.17488861083984,64.48843981733701,63.00750327122689,63.37170347185306,168895200.0,0.025594721428577438,61.47156600952148,61.03451919555664,58.37199478670546,1
64.63797760009766,65.13966834587349,63.84444973045493,64.80923169926753,161834800.0,0.007216046638834239,62.58395919799805,61.26486091613769,67.0659312445417,1
65.90667724609375,66.01521817669068,64.11700321080237,64.71517076301717,131022800.0,0.01962777446171482,64.11989364624023,61.880150985717776,71.45364254040709,1
69.23516845703125,69.5246060143818,67.06440885901065,67.5347430495296,194994800.0,0.05050309543764442,65.30561065673828,62.65776481628418,69.09036846490818,0
68.60324096679688,69.0615109892011,67.68670092198845,68.11361434863234,131154400.0,-0.009127261539437992,66.51159057617187,63.38472938537598,68.27275447029257,1
69.14830017089844,69.51250752952708,68.1015131641754,69.31472556254342,157125200.0,0.007945094086230675,67.50627288818359,64.48891944885254,64.74266098699789,0
68.2100830078125,69.21105020012682,66.77738117936849,68.66594602627303,215250000.0,-0.013568188383042745,68.22069396972657,65.4023265838623,69.69665251890967,0
66.79426574707031,67.93994433259655,66.77497334644413,67.04028985944329,130015200.0,-0.020756715111753032,68.39821166992188,66.25905265808106,62.596817884923475,0
64.7296142578125,66.87143078398917,64.02049912791077,66.6374709301005,180991600.0,-0.030910609857978333,67.49710083007812,66.4013557434082,57.345559788215894,1
66.59407043457031,67.02821933430408,65.65340957801277,65.99348871174,116862400.0,0.028803758498109344,67.09526672363282,66.80342864990234,69.50884187733075,0
66.33599090576172,67.95682478512697,66.29739874664567,66.53859422059466,124814400.0,-0.003875413037894404,66.53280487060547,67.01953887939453,67.25127529052764,1
68.25108337402344,68.2607332539519,66.81114610399659,66.8593881429372,126161200.0,0.028869584099261214,66.54100494384765,67.3808494567871,72.6707567605435,1
68.2993392944336,68.62977598230127,67.52268941813087,67.96889524586273,117087600.0,0.0007070352296931759,66.8420196533203,67.6201156616211,64.6186838704489,0
67.1922378540039,68.94090519524222,67.10058974876348,68.76000857373481,112004800.0,-0.01620954831871879,67.3345443725586,67.41582260131835,63.23429240972863,1
69.39918518066406,69.86710504839203,68.47299532638776,68.67559866694484,137280800.0,0.03284527197107856,67.89556732177735,67.49541702270508,64.46701858895024,1
70.86322021484375,71.0392955430697,69.5487094297081,69.93703057079283,183064000.0,0.02109585336439368,68.80101318359375,67.6669090270996,66.33336229195334,0
69.7223892211914,72.11745891629081,68.94573936920324,69.04221610297073,240616800.0,-0.016099056607836393,69.09527435302735,67.8181396484375,60.07903083242344,1
70.70887756347656,70.83671089109956,69.05910113576175,69.74650982081866,133568000.0,0.014148802892504975,69.57718200683594,68.20960083007813,54.44237256483874,1
71.77013397216797,72.59984709930193,71.02242643355622,71.16714520888473,147751200.0,0.015008814243143709,70.49276123046874,68.91365280151368,59.30547503787506,1
72.51061248779297,73.14012928036907,72.08610600468356,72.46960600947763,142333600.0,0.010317362872864999,71.11504669189453,69.50530700683593,59.76751494809557,1
73.26070404052734,73.60561913010429,72.8337907414733,73.13528505567275,115215200.0,0.01034457615236195,71.59454345703125,70.1977783203125,64.83418970427752,1
75.00444793701172,75.05765488198482,73.59205412028582,73.91855094713767,133838400.0,0.02380189924901277,72.65095520019531,70.87311477661133,73.6584096096508,1
76.18466186523438,76.67802725492889,74.3054951964832,74.5134886448119,145946400.0,0.01573525251747454,73.74611206054688,71.66164703369141,84.78167804252465,0
75.31400299072266,77.31650723109308,75.19307880379056,76.86666541777984,162301200.0,-0.01142826985373846,74.45488586425782,72.47382354736328,78.1773993855372,0
74.40464782714844,76.41199367992591,73.33084049882564,75.49296546688427,200622400.0,-0.012074184447296354,74.83369293212891,72.97436981201172,75.01978966414111,1
74.86176300048828,74.92222510630167,72.92455476842612,73.64526572674791,158929200.0,0.006143637349131481,75.15390472412109,73.37422409057618,72.53655240361282,0
74.41914367675781,74.46509544751144,72.60528129635095,72.63914360348517,166348400.0,-0.005912488645606451,75.0368438720703,73.84389953613281,70.3168129551834,1
76.17256927490234,76.54501787394523,75.0503965474728,75.73966595706034,135178400.0,0.023561485815539518,75.0344253540039,74.3902687072754,78.58656234608618,0
75.73240661621094,77.03354472425552,75.70096514534589,76.18949622469526,101729600.0,-0.005778493004520935,75.11810607910157,74.78649597167968,72.7152275112932,1
77.20526885986328,77.27539958314759,76.54985436932522,76.58855099973772,111504800.0,0.019448242957818218,75.67823028564453,75.25596160888672,72.73249349281298,0
76.62966918945312,77.6067388197399,76.39265509370519,77.06741421541801,102688800.0,-0.00745544544964849,76.0318115234375,75.5928581237793,75.80410619303565,1
77.123046875,77.20527445284804,76.26690139409212,76.368473598234,81803200.0,0.0064384681646880715,76.57259216308594,75.80471801757812,74.87855429901211,0
76.60063171386719,78.41690783107812,76.54500393549849,78.23794241116512,125522000.0,-0.00677378789221772,76.6582046508789,75.8463150024414,69.5533153759349,1
76.93438720703125,77.07949771603786,75.7203109556176,76.45795296780663,112945200.0,0.004357085388156712,76.89860076904297,76.00835342407227,68.5166509442699,1
76.96824645996094,78.22344013486418,76.334604889172,76.61030820274443,133560800.0,0.0004401055777383256,76.8511962890625,76.26471328735352,66.50854141343865,0
76.89325714111328,77.66958819879952,76.53773980767517,77.21007785682598,153532400.0,-0.0009742890386188474,76.90391387939454,76.46786270141601,59.87828604534986,1
77.83890533447266,77.95982952875313,76.71672526884876,76.84732546524727,80791200.0,0.012298193996697737,77.04708557128906,76.8098388671875,58.86913561259108,1
78.19924926757812,78.22343558014592,77.1326970947877,77.57286288939194,87642800.0,0.004629355096363197,77.36680908203125,77.01250686645508,66.36456711517141,1
78.62977600097656,78.89097649041749,77.94776152153949,78.51852776765237,104491200.0,0.0055055098025977856,77.70588684082031,77.30224380493163,75.34053013247822,0
77.95258331298828,78.75068013452528,77.58013468531132,78.45321130607884,87560400.0,-0.00861242041411725,77.90275421142579,77.37697525024414,68.06065512672595,1
80.1727523803711,80.23321448623865,78.17266857529869,78.2016892052146,137250400.0,0.02848101978184081,78.55865325927735,77.73128356933594,77.83736335777212,1
80.64678192138672,80.68064424702604,79.161836279058,79.8704504648975,95654400.0,0.005912601562768405,79.12022857666015,78.0836570739746,74.7059438108334,1
83.19342041015625,83.58521359796022,80.29608159235194,80.32752306209885,147712400.0,0.03157768268115091,80.11906280517579,78.74293594360351,83.42326589871958,1
85.33378601074219,85.800551637391,83.70130935970825,84.13905436012791,166651600.0,0.025727582662590454,81.45986480712891,79.5828758239746,84.35868808769645,0
81.23686218261719,84.9032841848941,81.13529000514959,84.48004955731804,201662400.0,-0.048010571423717896,82.1167205810547,80.00973739624024,65.006913566993,1
81.93824005126953,84.11487578630992,80.83057755802524,83.36998591557237,200146000.0,0.008633739041713273,82.46981811523438,80.51423568725586,65.47474094629935,1
82.95159149169922,83.60216436549862,80.43394842399245,80.59599012122506,138808800.0,0.012367259045295897,82.93078002929687,81.02550430297852,69.785942839812,1
85.14998626708984,85.42086269022191,83.36998548456056,85.00004143146272,165428800.0,0.02650214101812165,83.3220932006836,81.72057800292968,72.93090840328297,0
85.03148651123047,85.95292841624997,84.91056229922657,85.89246631024803,114406400.0,-0.001391659130603684,83.26163330078126,82.36074905395508,72.39981637010496,1
85.06534576416016,85.4813253336703,84.45830388000144,84.98795249991922,96820400.0,0.0003981966483110888,84.02733001708984,83.07202529907227,72.75419743026093,0
84.57921600341797,86.2334580419222,83.47396713214061,85.7691132840755,264476000.0,-0.005714780283030407,84.55552520751954,83.51267166137696,69.26044878681753,1
86.7921371459961,86.93482682128399,84.92506713782858,84.97101892587712,135445200.0,0.026163888093839738,85.32363433837891,84.1272071838379,72.20340867557493,1
88.64469909667969,90.05951379803278,87.61442248881565,88.03282290304573,212155600.0,0.02134481315476,86.02257690429687,84.67233505249024,74.10630400465423,0
87.07994079589844,89.19128014209528,86.70749216559717,88.27467257128609,192623200.0,-0.017652023377897175,86.43226776123046,84.84695053100586,71.06963431356698,1
88.2359619140625,88.27465854046778,86.47772685166568,87.23471346059793,137522400.0,0.013275400828229644,87.06639099121094,85.54686050415039,69.57485672543106,0
85.52484893798828,88.35205726047579,85.37731757939976,88.13197433577965,205256800.0,-0.030725714518924918,87.255517578125,85.90552139282227,60.682093695576924,1
87.49591827392578,87.59024269738883,84.9565099457261,85.43295161300391,130646000.0,0.02304674443057686,87.39627380371094,86.35995407104492,59.665342960907545,1
88.22630310058594,88.51168985334573,87.06543360477359,87.08477823143156,140223200.0,0.008347644565241508,87.31259460449219,86.66758575439454,56.93736811556863,0
88.05941772460938,88.84542502767371,88.01105247279727,88.30368697136247,110737200.0,-0.0018915603409823678,87.50848999023438,86.97037887573242,70.16440063714604,0
88.05941772460938,89.59757739253234,87.94575606156859,88.96393576296241,114041600.0,0.0,87.47318115234376,87.26978607177735,68.8739409924548,1
90.41503143310548,90.88179710275244,89.45247208428117,89.48391355913485,118655600.0,0.026750275772466248,88.45121765136719,87.85336761474609,71.2534164135588,0
90.13445281982422,91.56861161548748,90.02320465691763,90.79228055894066,112424400.0,-0.0031032297266727626,88.97892456054687,88.1875991821289,65.93459179382813,1
92.23372650146484,92.26516797551552,91.02206361133544,91.10913287644716,117092000.0,0.023290469026721716,89.78040924072266,88.54650192260742,70.43632736155644,1
92.63035583496094,93.17692818708905,91.58556900054664,93.12372124513384,125642800.0,0.004300263564541051,90.69459686279296,89.10154342651367,71.03268254460497,1
92.79238891601562,92.85043754869992,91.61700927809584,92.22646456657716,90257200.0,0.0017492438584969516,91.64119110107421,89.55718612670898,73.25381008687474,0
92.36432647705078,96.695832354325,92.15149869689814,94.09354111984942,191649200.0,-0.004613120148811656,92.03105010986329,90.24113388061524,67.55021948647754,1
93.89280700683594,94.08386192882044,90.8164950630273,91.74760549870196,170989200.0,0.01654838602828912,92.78272094726563,90.88082275390624,66.8739648175331,1
94.53853607177734,96.01139191075474,93.34380441075506,95.7622883592816,153198000.0,0.006877300674314579,93.24368286132812,91.5120460510254,75.4874913248261,0
93.3752670288086,94.22899176074844,92.77790106301757,93.41396366642356,110577600.0,-0.012304707596546116,93.39266510009766,92.04363098144532,67.55332427548974,0
93.18663024902344,93.97989290870076,92.71502279614371,93.82511373103726,92186800.0,-0.0020202006996880018,93.47151336669921,92.55635223388671,81.61675858686152,1
95.15042114257812,95.28827651192832,92.9302544408844,93.27368244127172,90318000.0,0.02107374081782787,94.02873229980469,93.02989120483399,81.60570917698404,0
93.83717346191406,96.01380892881411,93.58806992037168,95.93883651984883,103433200.0,-0.013801806286240503,94.01760559082031,93.40016326904296,72.10356360558688,1
94.1008071899414,94.78040070546272,93.45265515203822,93.5397170464005,89001600.0,0.002809480702595346,93.93005981445313,93.58687133789063,73.61951515173203,0
89.81766510009766,93.91215697447912,89.00989228366163,93.8347637107106,197004400.0,-0.0455165286860747,93.21853942871094,93.3056022644043,55.14946974027081,0
89.59514617919922,89.93857411627435,86.23828958165114,88.02071829007306,185438800.0,-0.002477451631039962,92.5002426147461,92.98587799072266,47.25589452568011,1
91.71857452392578,91.81047808647506,90.43194679011566,90.6544431599045,121214000.0,0.023700260954756303,91.81387329101562,92.92130279541016,54.71973973852013,0
90.21187591552734,91.46706972799262,90.20703422382545,91.29051773530752,103625600.0,-0.016427409782796,91.08881378173828,92.5532096862793,43.75559623066179,1
91.94107055664062,92.12487766631008,90.65685639553128,90.693132172275,90329200.0,0.019168148578713406,90.65686645507813,92.29346313476563,48.03307112259463,1
93.05357360839844,93.15756662766064,90.71006250391486,91.11636596100388,158130000.0,0.012100175090657084,91.30404815673828,92.26129379272462,50.70696173724995,1
102.79525756835938,102.9452024123297,97.537467741964,99.53030380101023,374336800.0,0.10468898272469684,93.9440704345703,93.2221565246582,68.77014882916099,1
105.3854522705078,107.9974123349438,104.37452761502963,104.67199645721692,308151200.0,0.025197608950256578,96.67744598388671,94.24565963745117,69.91953711094219,1
106.08924102783205,107.17755904324191,104.8533916212951,105.57410265297072,173071600.0,0.006678234444710052,99.85291900634766,95.47086639404297,69.97995635479101,1
106.47374725341795,106.79298888024712,105.34673293855268,105.81108506672476,121776800.0,0.0036243658815979796,102.75945434570312,96.70816040039062,73.28455745013504,1
110.18852996826172,110.68190269913852,106.21738395051588,106.80507370575988,202428800.0,0.034889189219594385,106.18644561767579,98.74524688720703,76.85659860823648,0
107.68333435058594,110.16675013813992,106.88864159432606,109.71125415700284,198045600.0,-0.022735538974858582,107.1640609741211,100.5540657043457,69.46435850040287,1
109.24849700927734,110.26366958356304,106.6051724150767,109.12492955700957,212403600.0,0.014534864360678856,107.936669921875,102.30705795288085,73.74887104294822,0
105.99943542480467,109.01102903844416,105.74018931676449,108.51434892717003,187902400.0,-0.02974010328212351,107.91870880126953,103.8858139038086,66.79085941915858,1
109.5222625732422,109.77908349339258,106.89347486656196,107.08729946496186,165598000.0,0.03323439539389428,108.52841186523438,105.64393310546875,78.41609217710582,1
111.4605484008789,112.46118443380264,110.41145251692376,110.8984466622293,210082000.0,0.01769764230665416,108.7828155517578,107.4846305847168,80.04536459624123,0
111.36122131347656,111.45086539174018,109.556198905536,111.286113713097,165565200.0,-0.0008911412049140699,109.51839294433594,108.34122695922852,78.58092319032514,0
111.07047271728516,112.50480009641927,110.44538201038532,112.4805701695612,119561600.0,-0.002610860340449772,109.8827880859375,108.90972900390625,81.46352848243296,1
111.99598693847656,112.41998472569632,110.48897736471524,110.8233310885238,105633600.0,0.00833267562970752,111.08209838867188,109.5004035949707,81.00293017447532,1
112.13651275634766,113.54661008039471,112.0420256623096,112.40302713967982,145538000.0,0.0012547397608835276,111.60494842529297,110.06668014526367,80.41434953193613,1
114.62478637695312,114.73866037573768,112.16075001769396,112.17771170545524,126907200.0,0.022189682552479884,112.23779602050782,110.51030578613282,74.52407614781632,1
120.53167724609376,121.01382096112869,115.56968878487616,115.58180005044522,338054800.0,0.0515324046032708,114.07188720703125,111.79514007568359,77.60394622166183,1
121.97325897216795,124.81041520723647,120.11251616944286,124.72560677695704,345937600.0,0.011960189711214708,116.25244445800782,113.06761627197265,78.19045942615732,0
120.97260284423828,121.31664995945276,119.25480726618916,120.84904282312657,211495600.0,-0.008203897611344546,118.04776763916016,114.56493301391602,75.18138765731793,1
122.61772918701172,123.07322510919757,121.22216847119704,122.28580069310276,163022400.0,0.01359916463805999,120.14401092529297,115.87447967529297,73.25894825329456,0
121.15192413330078,123.55053882206776,120.0107589966192,123.21861029302173,155552400.0,-0.011954266837508887,121.4494384765625,116.84361724853515,76.22410760150106,0
120.9556655883789,122.54020052783068,120.73276064666275,122.12347098857094,187630000.0,-0.001619937498524071,121.53423614501953,117.8030616760254,74.07804107107664,1
125.0575180053711,126.95703433878084,122.1113460052396,123.64258529318268,225702700.0,0.03391203212382865,122.15108795166016,119.20176620483399,87.86824418866598,1
130.03890991210938,130.6397854362347,126.50156266667052,128.66273593650766,151948100.0,0.03983280642531484,123.96434936523437,121.00605850219726,88.53291225214437,0
127.34467315673828,133.7216002607571,123.08047368439388,133.34363719292597,200119000.0,-0.020718696866899866,124.90973815917968,122.52687454223633,79.00872060134087,0
117.14938354492188,124.86372013453284,116.78111381462604,122.99329113592864,257599600.0,-0.08006058957226936,124.1092300415039,122.7793342590332,57.72287294383418,1
117.2269287109375,119.88236469535678,107.46770958660588,116.36439650365602,332607200.0,0.0006619340509452787,123.36348266601563,122.44885940551758,58.261271242644405,0
109.338134765625,115.31771368004289,109.202456054635,110.4332579025972,231366600.0,-0.06729506634746851,120.2196060180664,121.18534698486329,46.99502704881069,1
113.69925689697266,115.46308756005234,111.70283521072184,113.6411109896637,176940500.0,0.03988656053714523,116.95167541503906,120.45801239013672,51.61291135412992,0
109.98747253417967,116.78113216882602,109.02802795844752,116.64545343665932,182274400.0,-0.03264563431717393,113.48023529052735,119.19498672485352,45.331720052201725,0
108.5434341430664,111.6737525060593,106.6051585333688,111.03411800577044,180860300.0,-0.01312911696070218,111.75904541015625,117.93413772583008,36.74027745687759,1
111.79973602294922,112.35214426737836,109.31874564711792,111.1794884289914,140150100.0,0.029999989456670706,110.6736068725586,117.0185447692871,39.18175339670475,1
111.97417449951172,115.16263852668574,110.10373838004288,114.67806966043923,184642000.0,0.0015602762830020378,111.20081481933593,115.71021041870117,40.26017310740779,0
108.66941833496094,112.41998426492624,108.58219948246467,111.67375141580924,154679000.0,-0.029513556847567513,110.1948471069336,113.57326126098633,35.42606351864053,0
106.93465423583984,108.73725101622504,105.3549623880546,106.33379357166754,178011000.0,-0.015963682567747606,109.58428344726562,111.53225936889649,35.22806579192273,0
103.5426788330078,107.45799642585531,102.81582548420052,106.99281442322204,287104900.0,-0.03172007640620589,108.58413238525391,110.17158889770508,33.034327026186844,1
106.68270111083984,106.78930687065947,99.91811535962182,101.31367629258035,195713800.0,0.030325874443486445,107.56072540283203,109.1171661376953,31.75525375883177,1
108.35932159423828,109.37691949106974,105.79111171031052,109.20247434858254,183055400.0,0.015715954563772172,106.83775482177734,109.01928482055663,26.96194471392745,0
103.81404113769533,108.65003656547653,103.47483700123934,108.1751611259464,150718700.0,-0.04194637239944332,105.86667938232422,108.0307632446289,25.94139361123061,1
104.8800811767578,106.84742948908296,101.75945665626948,101.9242082877403,167743300.0,0.01026874618673701,105.45576477050781,107.52002410888672,34.57602734602037,1
108.81478881835938,108.96985441233768,104.34706305845842,105.08360984198644,149981400.0,0.037516252823739604,106.51018676757812,107.54715957641602,40.359826507723,1
111.4120864868164,111.76097670476364,109.2993656754404,111.46054633695049,137672400.0,0.023868976787636997,107.45606384277343,107.50839462280274,52.70474404047291,0
110.56892395019533,111.7512732053532,110.0649755662258,111.0147338283158,99382200.0,-0.0075679628953080336,107.89798431396484,107.3678695678711,45.50513213716755,1
112.23587799072266,113.64113263447037,110.11347063641024,110.27822233445546,142675200.0,0.015076153235227263,109.58235168457031,107.72451553344726,53.429919440194446,1
113.18561553955078,114.0869140768239,112.25524404848424,114.0093812707512,116120400.0,0.008461978164474582,111.2434585571289,108.34961166381837,57.1900330727814,0
109.53194427490234,111.80942388224,108.7566385181768,109.40595903034216,144712000.0,-0.032280349823884835,111.3868896484375,108.94853820800782,46.53024566239852,1
112.90455627441406,113.04992842651572,110.04560265679896,110.394492864269,106243800.0,0.030791126934140545,111.68538360595703,109.57072372436524,51.29660530916318,0
109.66763305664062,112.53627995429564,108.78571414124006,112.12923647353072,161498200.0,-0.028669553511251666,111.5051254272461,109.70155487060546,51.39377432271376,1
111.52838897705078,111.9838849635665,110.60770355491992,111.08258643963453,96849000.0,0.016967229697107733,111.36362762451172,110.47298965454101,56.39159249386223,0
111.42176818847656,112.8076354653402,111.053491111729,112.66226332419956,83477200.0,-0.0009559968502383942,111.01085815429687,111.1271583557129,62.065836767102404,1
113.36003875732422,113.38911170550134,111.37330350063716,111.72219366663036,100506900.0,0.017395797969827154,111.77647705078125,111.58168334960938,60.61625341639259,1
120.56073760986328,121.31666387202866,115.59874966676792,116.35467592893328,240226800.0,0.0635206103621222,113.30771331787109,112.49654846191406,66.50056024547628,0
117.36258697509766,121.5201890553274,115.957340112208,121.40388985664498,262330500.0,-0.026527298174924052,114.8467041015625,113.1759147644043,69.01518122102084,1
117.44981384277344,119.23302386837868,115.928267773167,117.26567529237091,150712000.0,0.0007432255024701906,116.03098907470704,113.69730834960937,68.13982309615207,0
116.9846420288086,117.45951755795052,114.50365122226292,115.05605956259336,112559200.0,-0.00396060069186277,117.14356384277343,114.07721099853515,63.102265650140176,0
115.3467788696289,117.79870373934006,115.14326081684209,117.53703239008934,115393800.0,-0.014000668214006695,117.54091186523438,114.65869445800782,56.51054987615858,0
112.40060424804688,116.7035710120022,112.09048045069932,116.257768515436,120639300.0,-0.025541888992946737,115.9088851928711,114.6082992553711,52.83359094467036,1
113.88336944580078,115.3080030009005,112.06138589770217,112.6137940727476,124423700.0,0.013191790272601311,115.21304168701172,115.02987289428711,52.56326008127792,0
113.2631378173828,115.04634782768704,112.85609432030498,113.06930582021845,89946000.0,-0.0054462001909169055,114.37570648193359,115.2033477783203,50.12186302552753,0
112.17772674560548,114.39705371708897,111.05352308398986,113.82525843569856,101988000.0,-0.009583092016463013,113.41432342529296,115.2789436340332,54.52442569900103,0
111.48959350585938,112.95299339304236,110.75304683898185,112.79792782362254,82572600.0,-0.006134312574426093,112.64288635253907,115.09189910888672,47.3357279822832,1
111.49929809570312,112.9530046815979,109.39626361538546,110.491393975544,111850700.0,8.704480426002803e-05,112.4626251220703,114.18575515747071,53.9260320388286,1
113.00149536132812,113.66050953231095,111.00507334067566,111.92575153231296,92276800.0,0.01347270602847761,112.28625030517578,113.74964599609375,53.206780305081175,0
107.7681121826172,111.8675680172702,107.67119988879593,111.49929834317572,143937800.0,-0.04631251260858904,111.18724517822265,112.78147583007812,43.49776430149156,1
111.76095581054688,113.32126805078816,108.73724361827924,108.90200264157164,146129200.0,0.037050325435446396,111.10389099121093,112.25910720825195,47.348117257513316,0
105.50035095214844,108.53374987611885,104.39553435267372,107.63245134560678,190272600.0,-0.056017817787915036,109.90604248046876,111.2744644165039,24.220373270089908,0
105.41311645507812,107.26417322328108,104.00786958662285,105.74262715568275,122866900.0,-0.0008268645201936486,108.68880615234374,110.57571563720703,27.10736921125533,1
107.03158569335938,108.04917599163862,105.3743608699318,106.27565935922766,107624400.0,0.015353584949468368,107.49482421875,109.89053726196289,31.14701906148315,1
111.40237426757812,112.02262179632524,108.8826177578012,110.61737510643056,138235500.0,0.040836436701413126,108.22167663574218,109.70446090698242,41.1493177267186,1
115.35647583007812,115.92827100011738,113.263141942014,114.3098051890786,126387100.0,0.035493871548936795,108.94078063964844,110.02233581542968,50.014322563051394,0
115.22542572021484,115.72053342058037,112.74014741905776,114.8662234022807,114457900.0,-0.0011360446730040996,110.88579559326172,110.39591903686524,54.550744075017384,0
112.92459869384766,118.42908863111414,112.6624832997026,116.982584063866,154515300.0,-0.01996804969029975,112.38809204101562,110.53844909667968,48.495100706632535,0
112.58480834960938,114.1575154107118,110.7985145508788,112.1770700305599,138023400.0,-0.003009002008140804,113.49873657226563,110.49678039550781,48.92582839640474,1
116.00205993652344,116.13797271482636,113.0410945158488,113.76920185962484,112295000.0,0.030352688226838564,114.41867370605469,111.32017517089844,55.63954810980749,0
115.7302474975586,117.011716271587,115.10892975298069,116.1282831124838,103162300.0,-0.002343169070562867,114.49342803955078,111.71710433959962,56.33121309893433,1
115.77880096435548,116.17682920699832,114.42937567681564,115.95354705804296,81581900.0,0.00041953998930077674,114.6041030883789,112.74494934082031,56.381810730695925,1
116.78839874267578,117.458252335289,114.70115660525308,115.4486767440703,91183000.0,0.008720057298150063,115.37686309814453,113.88247756958008,55.73142638739901,0
115.90497589111328,117.1476111906652,115.4875274007928,116.0603090069026,74271000.0,-0.007564303142035378,116.04089660644532,114.76981658935547,64.18246707360177,0
114.58468627929688,116.32243681277676,114.55556316864666,115.14775777417243,76322100.0,-0.011391138315379523,115.757421875,115.08804779052734,55.42737148354097,1
115.1768798828125,115.58461824175112,113.400296081691,114.15752657877456,74113000.0,0.005168174061865205,115.64674835205078,115.07008819580078,73.7806510644202,0
113.9148178100586,115.3030761134196,113.86628176431464,115.17687350645622,73604300.0,-0.01095759907750582,115.27395172119141,114.93902740478515,69.75283059470762,0
110.52671813964844,114.18667602451636,110.42963862000234,113.75951725004242,127959300.0,-0.029742396428702245,114.02161560058593,114.69923934936523,57.50355593147715,1
111.80815887451172,112.46830981108012,109.3034679028236,110.5849439032423,113874200.0,0.011593945395575789,113.20225219726562,114.62157440185547,51.00439283775959,1
112.64305114746094,113.34203533416394,111.80815419186465,112.17706662745256,76499200.0,0.007467185591404579,112.81392517089844,114.28567352294922,42.057316209279826,1
113.18671417236328,114.06044449798334,112.82751927666312,113.1673012347678,46691300.0,0.004826423107011202,112.4158920288086,114.03132019042968,44.173077594026935,1
115.5749053955078,117.4388583652438,113.4002861907918,113.5556193082818,169410200.0,0.02109957198251844,112.74790954589844,114.01093063354492,57.53730562820605,1
119.13777160644533,119.86587890611962,116.50687811909168,117.47768785199077,127728200.0,0.03082733400252491,114.47012023925781,114.24586791992188,65.7490320389781,1
119.4872817993164,119.76881755329892,117.36120579212972,118.45821829004096,89004200.0,0.0029336640106518708,116.00594482421874,114.60409851074219,59.824946199001964,0
119.3513412475586,120.1668178018076,118.64264694110804,119.91440521786345,78967600.0,-0.001137698922519026,117.34760284423828,115.08076400756836,60.2867754215284,0
118.68150329589844,119.2736978926096,117.97280885162904,119.0212852595791,78260400.0,-0.005612320269369864,118.44656066894531,115.43122634887695,57.964825751184335,1
120.13771057128906,120.93377429658472,118.68149589769769,118.73974211450027,86712000.0,0.012269875548845954,119.35912170410157,116.053515625,58.970433599939184,1
120.74932098388672,121.33181279274314,119.49697544555106,120.73961821864586,82225500.0,0.005090911169267853,119.68143157958984,117.07577590942383,63.16626757450112,0
118.2252197265625,122.27349493369556,117.46798924542291,120.89494675486756,115089200.0,-0.020903647629298416,119.42901916503907,117.71748199462891,59.286783034628584,1
119.64259338378906,120.25420827611856,116.64279476467264,116.98257670113864,81312200.0,0.011988758917130804,119.48726959228516,118.41743621826171,60.93155289943039,0
118.83682250976562,119.17660443365664,117.03111582087004,118.85623544540636,86939800.0,-0.006734816182383252,119.5183334350586,118.98244705200196,62.32380227573246,0
118.2252197265625,119.74939086099992,117.99222744160214,119.021283489644,79184500.0,-0.005146576374951972,119.13583526611328,119.24747848510742,72.38846569946955,1
124.14714050292967,124.16656084447808,120.50660416507375,120.71047331119088,157243700.0,0.05009016511082587,119.81539916992188,119.74841537475587,78.25700906330685,0
124.07918548583984,124.62283654813264,122.8656733598718,123.69086753088224,98208600.0,-0.0005473748071403994,120.98619232177734,120.20760574340821,77.1428726638624,1
124.94322204589844,125.79753943581208,124.3024840034632,125.13738104904724,94359800.0,0.006963589877507781,122.04631805419922,120.76679382324218,77.48526965529373,0
122.96276092529295,125.33153897823033,122.43852279521552,125.19562621191656,192541500.0,-0.015850888813143893,122.87150573730469,121.19491958618164,67.60757659235176,1
124.48692321777344,124.56458977108868,119.84645405419543,121.37062498122869,121251600.0,0.012395316118564592,124.12384643554688,121.62984085083008,64.12094250791918,1
128.03036499023438,130.48651190519735,125.8654490822806,127.76824227054828,168904800.0,0.028464369436315362,124.9004913330078,122.35794525146484,69.29818423598762,0
127.13723754882812,128.5643140977905,126.96248410987832,128.30220615943512,88223700.0,-0.006975903266966177,125.51210174560546,123.2491470336914,67.00600476795306,1
128.1177978515625,129.56431009529325,127.27319788547425,127.48677727215622,54930100.0,0.007712612934175134,126.14701690673829,124.09666748046875,70.3347981175703,1
132.69998168945312,133.33100207588342,129.61279910731304,130.07879843395568,124486200.0,0.035765396492371426,128.0944610595703,125.4829833984375,73.85696617466031,0
130.93310546875,134.7386778886634,130.41857748936,134.02028815847115,121047300.0,-0.013314818873434331,129.38369750976562,126.75377197265625,68.52703821724124,0
129.81668090820312,132.02042318765425,129.50601467789232,131.62238763508643,96452100.0,-0.008526678998027282,129.74096069335937,127.32072601318359,72.22638992106079,0
128.8167724609375,130.80693578751612,127.87508564026446,130.16619767612093,99116600.0,-0.00770246504740546,130.07686767578124,127.79448471069335,67.87751308167282,0
125.63248443603516,129.70988213559124,123.05983729876496,129.62251281946894,143301900.0,-0.024719514113489716,129.57980499267578,127.86341094970703,62.119118039630905,1
127.1857452392578,127.89444682861742,124.68105499149036,125.12763387227344,97664900.0,0.012363528510920041,128.47695770263672,128.28570938110352,65.46058693873337,0
122.90453338623048,127.22464193893974,122.69095402050525,123.99184315415356,155088000.0,-0.03366109814408558,126.87124328613281,128.12747039794922,47.72731776024617,1
127.09841918945312,127.7877006759222,124.12774352599207,124.6131484334434,109578200.0,0.034123117249412305,126.32759094238281,128.0342758178711,54.79794385439281,1
128.1954345703125,128.75850602101508,126.42855365810289,128.56433221406948,105158200.0,0.008631227578245193,126.20332336425781,128.14009552001954,55.130189353202894,0
125.21503448486328,126.37030043054156,124.74904996348562,125.41891104549276,100384500.0,-0.023248878522382443,126.11983337402344,127.84981918334961,53.44418600961169,0
125.04029083251952,125.90431086268742,123.1569176668236,124.74904496331432,91951100.0,-0.0013955484903442894,125.69074249267578,127.08385009765625,50.882639202074955,1
127.06926727294922,127.61291827590564,124.739330170742,125.00143809570962,88636800.0,0.01622658126369303,126.52368927001953,126.69746627807618,48.389196300085956,0
125.14707946777344,127.17606814479598,125.00144912767117,126.98190917137308,90221800.0,-0.015127086560173919,126.1334213256836,126.2305061340332,46.77570631776351,0
123.42876434326172,126.41886047356746,123.29285155612884,125.02089191255358,111598500.0,-0.01373036535746086,125.18008728027344,125.69170532226562,42.58056758927749,1
124.09862518310548,124.9529425933155,123.23460500719132,124.0500817278194,90757300.0,0.005427104803389593,124.95680541992188,125.53831939697265,34.466994963126595,1
128.17599487304688,128.62257382285637,124.79758149233558,124.90437114467832,104319500.0,0.03285588123095895,125.58394622802734,125.63734436035156,45.40448610053516,1
132.87474060058594,135.59301116722563,129.69048544958548,129.89436203777117,120150900.0,0.03665854696265858,126.74504089355469,126.63436508178711,54.553371411953414,1
135.01055908203125,135.76778972652718,131.0787754658343,132.3019907807772,114459400.0,0.01607392399632568,128.71773681640624,127.42557907104492,58.92063083230008,1
138.7481689453125,140.85482495156248,132.55439615848402,138.89379933914037,157611700.0,0.027683833684521764,131.7816177368164,128.48085250854493,68.59357393770182,1
138.9811553955078,140.087878141181,137.24339729703607,139.40831414179996,98390600.0,0.0016792037831299123,134.75812377929688,129.8574645996094,67.37218469227696,0
137.91326904296875,140.08788882014454,136.31143843564914,139.24327402981456,140843800.0,-0.0076836773266139025,136.70557861328126,131.1447624206543,74.41572177749951,0
133.08831787109375,137.8452949915903,132.7097026247184,135.447393493419,142621100.0,-0.03498540209623857,136.7482940673828,131.74666748046874,59.54813030760451,0
128.10809326171875,132.7485638456348,126.40917577307292,131.8651231963266,177523800.0,-0.03742044898485175,135.3678009033203,132.0427688598633,49.87611188715533,1
130.22447204589844,131.42828195655932,127.10816496762808,129.8458566824999,106239800.0,0.016520258246729425,133.6630615234375,132.72233963012695,57.28411206534474,1
131.0496063232422,132.33106742025004,130.6806938981219,131.76799601841705,83305400.0,0.006336245902021531,132.07675170898438,133.4174377441406,58.57580639928125,0
130.0303192138672,131.80690363910713,129.70995007357266,131.79718605663925,89880900.0,-0.0077778723490466994,130.50016174316406,133.60287017822264,54.35106408024297,1
133.37953186035156,133.3892346236449,130.66126198692473,132.3213529395916,84183100.0,0.02575716699561248,130.55840454101562,133.65334930419922,61.61011904889996,0
132.9663543701172,133.6080499269068,132.09132576396362,133.5399993993488,75693800.0,-0.0030977578378890147,131.53005676269532,133.4489288330078,63.964815364669384,1
133.11219787597656,133.1608138714623,131.1773940055882,132.25660382908822,71297200.0,0.0010968451872674922,132.10760192871095,132.8853317260742,63.40323108734317,0
132.23715209960938,134.05528941674183,132.0816016865625,132.83023162868662,76774200.0,-0.006573745985191226,132.34511108398436,132.21093139648437,56.67463822052448,0
131.63436889648438,133.18999187171354,130.6718255115653,132.69412944515517,73046600.0,-0.004558349855197652,132.66592102050782,131.58304138183593,47.644238209309215,0
131.38156127929688,132.6066041234454,130.05928645451803,132.13019115518452,64280000.0,-0.0019205289568889894,132.26632690429688,131.41236572265626,42.57671116748798,1
131.6148681640625,131.77043336797686,129.9814780295048,130.62317336901577,60145100.0,0.0017757962570534858,131.99602966308595,131.76304321289064,32.9664932301459,0
129.49539184570312,132.23715902657875,129.1064787039169,131.7315941955358,80576300.0,-0.016103623761696717,131.27266845703124,131.69013519287108,29.22114081688997,0
127.21057891845705,128.55230335262408,125.8785865854489,127.6092093424516,97918500.0,-0.01764397091418113,130.2673538208008,131.30623245239258,27.742090463876565,0
126.11189270019533,126.3938416655148,123.87569099593316,125.6160304420086,96856700.0,-0.008636751971437762,129.16285858154296,130.91438980102538,32.83036950191561,1
126.26744842529295,127.0841584041044,125.22713755275306,126.62719484726894,87668800.0,0.0012334738759922637,128.1400360107422,130.20318145751952,44.05918139495479,0
122.50481414794922,126.12162413344431,122.11590849249929,124.45905227095189,103916400.0,-0.029798925410058685,126.31802520751953,129.15702743530272,27.477639707587713,0
122.3686981201172,123.19511800076138,115.10591153263684,120.32695270389084,158273000.0,-0.0011111075820059435,124.89268646240234,128.0826774597168,23.612248778971804,0
121.87285614013672,122.07702996162088,118.83940802921852,121.47423317945596,111039900.0,-0.004052032812294604,123.82514190673828,127.04624786376954,24.38835448204685,0
117.6337890625,122.9520548789216,117.19627482972936,121.22143247515002,148199500.0,-0.034782700692288615,122.12952117919922,125.6461898803711,3.1799059526422297,1
117.89632415771484,121.38673620225252,117.83798347678476,119.18942513713463,164560400.0,0.0022318000406784666,120.45529632568359,124.29766616821288,4.784065567555956,1
124.24517059326172,124.38128647028812,119.38386807729292,120.31723727022784,116307900.0,0.05385109740193217,120.8033676147461,123.56069641113281,30.612176128377214,0
121.64923095703124,125.14936711599788,121.5422817134225,124.84796874824156,102260900.0,-0.020893686441372794,120.6594741821289,122.77608032226563,28.469690820428553,0
118.67414093017578,122.22289403636502,118.46024238525732,121.34785790613525,112966300.0,-0.02445629950514283,120.01973114013671,121.9224365234375,25.96460745459197,0
116.79764556884766,120.17139052818686,115.32953762534804,118.37271017337518,178155000.0,-0.01581216722210943,119.85250244140624,120.99101181030274,24.489732732079432,1
118.05186462402344,118.55744422295456,114.3086632937348,117.62407506080334,153766600.0,0.010738393304653204,119.88361053466797,120.16945343017578,27.09363503201189,0
113.13223266601562,117.6435208042625,112.98639210708664,117.57546286579684,154376600.0,-0.0416734794801934,117.66102294921875,119.23219528198243,24.75247501442037,1
117.73103332519533,118.67412730069942,115.49483838005337,115.72817884872909,129525800.0,0.04064978256688434,116.87738342285157,118.76842880249023,36.34836814774886,0
116.65181732177734,118.7810627593394,116.13651302909358,118.31438187621302,111943300.0,-0.009166792925676459,116.47291870117188,118.2463249206543,36.36876327036843,1
118.57689666748048,119.79222236399583,117.8963172445356,119.14080957092584,103026500.0,0.01650278058157406,116.82876892089844,118.34063568115235,39.456190749544206,0
117.6727066040039,117.80882250311154,115.85458391545468,117.06018505801954,88105100.0,-0.0076253476763872285,116.75293731689453,118.31827392578126,42.81173177890216,1
120.55059051513672,120.5603151981738,117.07962044686742,118.04216378802695,92403800.0,0.024456681538035596,118.23660888671876,117.94881591796874,47.49935936974994,1
122.08675384521484,123.69098519524891,121.26033388239702,122.21314504308984,115227900.0,0.012742893448416837,119.10775299072266,117.99256820678711,50.28601182242049,0
121.29920196533205,122.36868685463394,118.9463263075586,120.608898014803,111932600.0,-0.006450756163779103,120.0372299194336,118.25507431030273,55.39958087564757,0
117.18656158447266,119.7630534964986,116.98238776140391,119.47137236768086,121229700.0,-0.03390492529402467,119.75916290283203,118.29396591186523,49.060955618721536,0
116.66153717041016,118.0615946863235,116.36013878430732,116.5740372845451,185549500.0,-0.0044802442102889195,119.55692901611329,118.15493316650391,38.1386840409537,1
119.9672393798828,120.43392774935558,116.92406625712914,116.99212420499391,111912300.0,0.028335836211757837,119.4402587890625,118.83843383789062,47.426391447376105,0
119.1408233642578,120.7936635357698,118.75191761279608,119.90891018351064,95467100.0,-0.006888680775658296,118.8510726928711,118.97941284179687,50.764326068805694,0
116.75875854492188,119.49081556265352,116.73931659895884,119.41303294328377,88530500.0,-0.019993691096569566,117.94298400878907,118.99010696411133,49.937348888148655,1
117.24486541748048,118.28519105421265,115.69897510890188,116.22399655835046,98844700.0,0.0041633439633703695,117.95464477539062,118.85690383911133,48.666842950507544,1
117.8476791381836,118.1101935933214,115.6212019897832,117.01153462244342,94071200.0,0.0051414935618427915,118.1918731689453,118.8744010925293,59.08575994928957,1
118.02272033691406,119.17971289024224,117.3810321617412,118.27551018422947,80819200.0,0.0014853173181732515,117.80296936035157,118.62161407470703,50.677525889243846,0
116.57402801513672,117.06015823420088,115.56287626935224,116.77820181701264,85671900.0,-0.01227469014137128,117.28961029052735,118.07034149169922,49.82236129162645,1
118.76163482666016,120.09362711310528,117.78937421803872,118.27550452234944,118323800.0,0.01876581644102915,117.690185546875,117.81658477783203,50.416867519660606,1
119.58805847167967,120.73532632120784,119.09220346933652,120.22975405327205,75089100.0,0.006958675217175525,118.15882415771485,118.05673446655274,54.33727458780607,1
122.4076156616211,122.6604055041721,119.65611627910346,120.4339277556789,88651200.0,0.023577246975785116,119.07081146240235,118.63134231567383,54.2163327723197,1
122.70899963378906,123.60347753407522,122.16453611496428,122.99095607539736,80171300.0,0.002462134161661078,120.00806732177735,118.90551834106445,51.49671676214868,1
124.35210418701172,124.37154613081404,121.66866345905004,122.33952549547996,83466700.0,0.013390253022405041,121.56368255615234,119.42664642333985,57.053000349697655,1
126.74388885498048,126.77305548532097,124.9549329616751,125.37299788690146,88844600.0,0.019233970213899942,123.1601333618164,120.4251594543457,73.98720118873464,1
129.3106231689453,129.34950705430177,125.8785454100243,126.19939309739704,106686700.0,0.02025134574260745,125.10464630126953,121.6317352294922,78.79578614772663,0
127.59947204589844,129.16481202818863,127.0063925535893,128.84396428623276,91420000.0,-0.013232873534382739,126.143017578125,122.60691452026367,68.73503159424529,1
130.70095825195312,130.9245888251844,128.2703072556539,128.7661695536294,91266500.0,0.024306418798810236,127.74140930175781,123.87473831176757,75.52587813697365,0
128.36753845214844,131.255153005102,128.0078068542404,131.19681975522676,87222800.0,-0.017853119296237563,128.54449615478515,125.05408935546875,75.6884764108195,1
130.76905822753906,131.2551885555225,129.93291346998677,130.10792810253133,89347100.0,0.018708154758968476,129.3495300292969,126.25483169555665,77.58832298005177,0
130.43846130371094,130.9343087763494,129.5828673880838,130.57457716887737,84922400.0,-0.0025280974590554672,129.57509765625,127.33987197875976,75.97268986452266,1
131.099609375,131.71213827061115,129.6412185458448,129.80650105955348,94264200.0,0.005068658926830283,130.2751251220703,128.20907135009764,76.44508724030334,0
129.41758728027344,131.77045575605666,128.15364574587304,131.27460827428777,94812300.0,-0.012830107600971363,130.01845092773436,128.8799301147461,75.73040824605117,1
129.79676818847656,130.03983329744375,127.65779819666872,128.6883918850069,68847100.0,0.0029299024666713525,130.304296875,129.42439651489258,73.83448249041857,0
128.280029296875,130.4287163012516,127.76473251290152,129.349506750087,84566500.0,-0.011685490422990497,129.80649108886718,129.57801055908203,68.22993573212955,1
130.593994140625,131.37179041408228,128.49390859705923,128.49390859705923,78657500.0,0.018038387241047893,129.83759765625,129.70634765625,67.5415608810302,1
130.9829559326172,131.31352099303626,129.85513001828372,131.08990519751984,66905100.0,0.0029784048994883072,129.81426696777345,130.04469604492186,67.66292805341075,0
130.66207885742188,131.6537886519638,130.38984712331498,131.26487557787047,66015800.0,-0.002449762054235416,130.06316528320312,130.04080810546876,64.27622791533769,0
129.8745574951172,131.27461496858584,129.38842725213598,130.5843034959248,107760100.0,-0.006027160819659261,130.07872314453124,130.19151000976564,57.63751957572373,0
129.77735900878906,133.267786329292,128.77593163661356,132.68442395293744,151101000.0,-0.000748402829644168,130.37818908691406,130.09234008789062,51.294633711943575,0
127.81333923339844,129.85507686093618,127.4341583286047,128.1244547995172,109839500.0,-0.015133762856567423,129.82205810546876,129.82982788085937,50.585018907931314,1
128.8634033203125,130.35097557067442,128.1731066561789,128.37727305832388,75135100.0,0.008215606392980357,129.3981475830078,129.60620727539063,44.33805248488906,0
124.30349731445312,127.84253218435018,123.18539631101322,127.55085108162372,137564700.0,-0.03538557797146591,128.12643127441407,129.09479827880858,38.9885586286561,1
124.54659271240234,126.83139629296988,124.42019408305968,125.61607050473611,84000900.0,0.0019556601640440263,127.06083831787109,128.56978073120118,30.907172156188366,1
126.14109802246094,126.15081528786172,123.60348979624123,124.34240994349356,78128300.0,0.012802480383711234,126.33358612060547,128.35588760375975,37.76321735201084,1
126.81309509277344,127.83569086092048,126.1021285936208,127.43639821291804,78973300.0,0.005327344385355204,126.13353729248047,127.97779769897461,37.80164676314036,0
123.5407485961914,126.16056709673003,123.50179122048604,126.033968628817,88071200.0,-0.025804484104642866,125.06900634765626,127.23357696533203,34.66408429757398,0
122.62525177001952,122.9758532205902,119.56716154628263,120.2781205077101,126142800.0,-0.007410484690879682,124.73335723876953,126.4298942565918,31.795126051396636,0
119.56715393066406,121.38837175558096,119.06072304066647,120.18072314838844,112172300.0,-0.024938565223831977,123.73746948242187,125.39915390014649,29.48758385380107,1
121.70977783203124,122.85899423262197,121.0183012377444,121.32995276517453,105861300.0,0.01791983693623478,122.85120544433593,124.5923957824707,28.914088371378767,1
124.12506103515624,124.55358462246828,122.56680357723656,122.9563697993059,81918000.0,0.019844611058762007,122.3135986328125,124.22356796264648,35.151593240497505,0
122.97584533691406,123.61863072086231,121.90454379402466,123.51149982353762,74244600.0,-0.009258530780634877,122.20061798095703,123.63481216430664,33.93437948703554,0
121.59291076660156,123.67708183593513,121.52473722434704,123.2582993819835,63342900.0,-0.01124557889009592,121.99414978027343,123.36375350952149,33.11025111841924,0
121.43708038330078,121.66107596519278,119.65481977612976,119.94699632595916,92612000.0,-0.0012815745779776178,122.36813507080078,123.05280227661133,33.03125685896552,1
123.98873138427734,124.38803886132332,121.83638680726904,121.96300011967811,76857100.0,0.02101212408040931,122.82392578125,122.83756561279297,42.40034855682133,0
122.15779113769533,124.66074485833978,121.94352929361251,124.48544038866837,79295400.0,-0.014766989113771944,122.43047180175782,122.37203521728516,37.07671939778658,1
123.78423309326172,124.60232316512636,122.65449886018013,122.72267241363885,63092900.0,0.013314271160429492,122.59214935302734,122.3963836669922,48.87167787291028,0
123.58941650390624,124.97237699199732,123.02454584189424,124.48541363170318,72009500.0,-0.0015738400964903088,122.99145050048828,122.49280014038087,47.915755030652534,0
123.5407485961914,124.06666202267432,123.12196609530832,123.64787952179124,56575900.0,-0.0003937870174610669,123.41218414306641,122.8901596069336,43.929053754377755,0
122.0116958618164,124.3101288080937,121.81691643126096,123.1414373640431,94625600.0,-0.012376910062062985,123.01677703857422,122.92035140991212,39.221673901553665,0
121.35916137695312,122.51811890538758,121.30072904118605,122.29411590101697,71311100.0,-0.005348130605465129,122.85705108642578,122.6437614440918,44.449900719516606,0
121.03777313232422,122.07985859728936,120.70664664362424,121.81690564628396,67637100.0,-0.0026482404870172838,122.30775909423828,122.44995422363282,45.835461562971865,1
121.79745483398438,121.97275932357128,120.81380888219802,121.03780452256116,59278900.0,0.006276401837215229,121.94936676025391,122.4704086303711,56.653220483716666,0
120.31707763671876,121.59289985456871,119.91777018909228,121.4273366140028,76229200.0,-0.012154418163199177,121.30463256835938,122.3584083557129,45.674525994927336,1
122.60578155517578,122.86874195718396,120.61900017592296,120.83326200560104,75169300.0,0.019022269850730966,121.42344970703125,122.22011337280273,45.24399896250945,1
122.61553192138672,123.02457321024367,121.5734462967124,122.87848491269204,71057600.0,7.95261535571079e-05,121.67472381591797,122.26588745117188,48.78541437668999,1
123.43358612060548,125.1087231263275,122.91741402757393,123.29723905566723,74403800.0,0.006671701263288865,122.15388641357421,122.23082275390625,56.45041149743793,1
123.81342315673828,124.41725123885396,123.21933627459374,123.89133789579034,56877900.0,0.003077258370842939,122.557080078125,122.25322341918945,58.19886684896201,0
122.8200454711914,124.84578425664763,122.65448221103098,123.7063015458541,71186400.0,-0.008023182464548584,123.05767364501953,122.18115310668945,45.481985988971424,1
124.02769470214844,124.11535064804696,122.81030467281764,123.2290871401218,53522400.0,0.009832672071761195,123.34205627441406,122.38275299072265,57.59485355181771,1
127.0760269165039,127.13445925571632,123.75499103493247,124.48542499652146,96906500.0,0.02457783498819377,124.2341552734375,122.95443954467774,61.98565483829749,0
126.25794219970705,127.19290419262148,126.01446421684268,126.5501187512876,62746300.0,-0.006437758062222021,124.79902648925781,123.47645645141601,59.29444202629367,1
126.75467681884766,127.47537725318487,125.1087775548722,126.96893870849595,91815000.0,0.003934284136794419,125.38727722167968,123.97217864990235,60.85525569850937,1
128.3518524169922,129.0920350275276,126.2676813886482,126.41377710106734,96721700.0,0.01260052597843897,126.49363861083984,124.7756561279297,71.3162065008227,0
127.05656433105467,128.07916002857564,126.84230250511072,127.30004232774398,108953300.0,-0.010091697638530017,127.09941253662109,125.22073440551758,68.36161942810159,1
128.84852600097656,128.95565688666113,125.83914229499234,126.90070252359432,79663300.0,0.014103652805004252,127.45391235351562,125.84403381347656,72.99307942157677,1
130.4846954345703,130.58209255634193,128.18626305147518,128.6829675675103,74783600.0,0.01269839465281386,128.29926300048828,126.54914474487305,74.31834549121757,0
130.2120361328125,130.815871699919,129.75429628741554,130.2802171084206,60214200.0,-0.0020895883678138105,128.99073486328126,127.18900604248047,79.70784902631611,0
129.9295654296875,131.12747267781475,129.4620771068999,130.9424270743005,68711000.0,-0.0021693133101526874,129.3062774658203,127.89995803833008,75.00003906488053,0
129.6374053955078,130.3970554405537,129.34522887186355,129.978280483212,70783700.0,-0.002248603181373654,129.82244567871095,128.460929107666,73.5160578036986,1
131.2638702392578,131.72161011019884,129.87118308436172,129.929615432019,62111300.0,0.01254626192793551,130.30551452636718,128.8797134399414,74.87642151014681,1
132.77340698242188,132.9292364481491,130.84506564137368,131.28332301060522,64556100.0,0.011500017029915321,130.7632568359375,129.5312599182129,76.55901518410118,1
133.38697814941406,133.82523552499876,132.32540290188453,132.61757943917965,63261400.0,0.004621190198677461,131.39824523925782,130.19449005126953,82.04381095426552,1
133.6888885498047,133.74732088516166,132.21827209331306,133.03636937045857,52485800.0,0.00226341734837443,132.15010986328124,130.7281936645508,81.0001018393758,1
136.30873107910156,136.34768102067733,134.1563790042736,134.30245986108,78852600.0,0.019596561522170708,133.484375,131.65341033935547,80.46286781901142,1
138.31497192382812,139.41548226335163,136.4158466947496,136.4158466947496,108181800.0,0.01471835904306329,134.89459533691405,132.6000549316406,86.88928073396715,1
140.7984619140625,141.11010601971827,138.93828646790567,139.7953189039971,104911600.0,0.017955322953773,136.49960632324218,133.63143157958984,88.31040983412075,0
139.5031280517578,140.30172797997776,137.00016765595169,137.88643093809648,105575500.0,-0.00919991486196281,137.72283630371095,134.56054077148437,80.92920069340046,1
141.32435607910156,141.8502619651795,138.92852627188464,139.02592340594762,99890800.0,0.01305510530680043,139.24992980957032,135.70001983642578,88.45135916676811,0
140.73025512695312,142.50278173643568,140.24329922685985,142.39565084398657,76299700.0,-0.004203811491742537,140.1342346191406,136.8093048095703,84.2310766149488,1
141.8405303955078,143.61305721006948,139.88297280050324,140.27253162136344,100827100.0,0.007889385744046962,140.83934631347657,137.86697082519532,83.73831741806326,1
145.2589569091797,145.66801299296932,143.8273051980656,144.23636128185524,127050800.0,0.02410049161646488,141.7314453125,139.1155258178711,87.66428459572907,0
144.6064453125,146.08679566961968,143.25270826705687,145.3466279214185,106820300.0,-0.004492057567834884,142.75210876464843,140.2374725341797,86.06982786034428,0
142.57098388671875,145.85306272785598,142.07429409288326,144.58698895603396,93251400.0,-0.014075869311236722,143.00143432617188,141.12568206787108,79.27686457099237,0
138.73374938964844,140.31149679803218,137.97409928442224,139.99983785193092,121434600.0,-0.0269145543676631,142.60213317871094,141.3681838989258,65.37065062450156,1
142.3372344970703,143.26246279631377,139.23046766424767,139.71742366986297,96350000.0,0.02597410596394334,142.70147399902345,141.77041015625,68.11803672199613,0
141.60679626464844,142.31776271135624,140.85689473808662,141.7334095777614,74993500.0,-0.005131743882777928,141.97104187011718,141.8512435913086,65.50325263992798,1
142.97027587890625,144.33374665171397,142.00609770767423,142.13271101540525,77338200.0,0.009628631183136172,141.64380798339843,142.19795837402344,66.83145823659922,1
144.6843719482422,144.8402014430063,143.0871567787064,143.700726126391,71447400.0,0.011989177881895907,142.0664855957031,142.5339599609375,65.7048358577911,1
145.10311889648438,145.92120121070477,143.84676440041136,144.40190123837715,72434100.0,0.002894209945438986,143.34035949707032,142.97124633789062,63.53390137825123,0
142.94105529785156,145.3174027377309,141.7528815779119,145.22973937162135,104818600.0,-0.01490018695032469,143.46112365722655,143.081298828125,54.32726828958617,0
141.19773864746094,143.13582861718922,138.82139130869905,141.03217541296894,118931200.0,-0.012196052748862152,143.37931213378906,142.67517700195313,53.36167368718013,1
141.8405303955078,142.72679380278865,140.80818614558353,140.91531705042755,56699500.0,0.00455242239857534,143.1533630371094,142.3985855102539,51.07418029767635,1
142.05482482910156,142.51256472212955,140.35047859016916,140.61343902803458,70440600.0,0.0015108124102201081,142.62745361328126,142.3469696044922,52.80075885410449,0
141.72366333007812,143.11635020883497,141.4607029570404,142.5417457565108,62880000.0,-0.002331223169799723,141.9515625,142.64596099853514,49.744469170484,1
143.51565551757812,144.17790846415585,141.39251988736964,142.006089128423,64786600.0,0.012644269456445034,142.0664825439453,142.76380310058593,45.89639058801556,0
143.11634826660156,143.93443068193204,142.46382908813206,143.4280072023747,56368300.0,-0.0027823253814122095,142.45020446777343,142.91475830078124,46.45009927580643,1
143.22352600097656,143.98317632942732,142.35674473591243,143.14561124155586,46397700.0,0.0007488853347161761,142.7268035888672,142.9400833129883,51.71184759452689,0
142.54071044921875,143.4868214640887,142.04327662115523,142.74554489782116,54126800.0,-0.004767481787546268,142.82398071289063,142.72571716308593,61.96768681867414,0
142.49197387695312,143.0869508994325,141.936020036627,142.59926530339968,48908700.0,-0.00034191335311872795,142.97764282226564,142.4646026611328,50.62645401453181,0
142.01402282714844,144.072056221946,141.72140855204836,142.83333089104443,69023100.0,-0.003354231377392658,142.67731628417968,142.3718994140625,51.68304218956927,1
142.26763916015625,143.10645895995768,141.94576488875748,142.45296206335397,48493500.0,0.0017858541569271136,142.50757446289063,142.47888946533203,46.802728456883216,1
145.22300720214844,145.37907015513477,142.24812227389452,142.58950812317931,72282600.0,0.020773297845093408,142.907470703125,142.8171371459961,52.20222543302115,1
145.4278564453125,145.7594790918224,144.6182965379027,145.30105342277125,59375000.0,0.0014105839502338569,143.48489990234376,143.1544403076172,51.35133419011384,1
147.39805603027344,147.46633914191412,142.86258697892168,144.88159714502063,103296000.0,0.01354760795571397,144.46611633300782,143.7218795776367,68.84793578277646,0
146.49098205566406,147.9442754116722,145.41806793520456,146.52999034959836,92229700.0,-0.006153907310847306,145.36150817871095,144.0194122314453,74.08793082856295,0
142.75535583496094,147.0079756489524,142.55052129655687,146.1106357649157,86326000.0,-0.02550072481105803,145.45905151367188,143.98331298828126,53.248630735252355,1
143.08694458007812,144.35493005036025,140.94113102889904,141.45807654722455,86960300.0,0.0023227762151392106,145.0318389892578,143.96965484619142,53.634873635733435,1
144.54025268554688,144.84261535990314,143.16497579607238,143.80872432514332,60549600.0,0.010156818357774045,144.85431823730468,144.16960906982422,59.19275766793561,1
146.02284240722656,146.49101645929602,144.24765951519495,144.65731367112883,60131800.0,0.010257279160187371,144.57927551269532,144.52269592285157,58.351606013567014,0
145.93504333496094,147.14450905669656,145.47661765156835,145.7692320065187,48606400.0,-0.0006012694371526628,144.46808776855468,144.9147979736328,59.58824616368419,0
144.70606994628906,146.61780402195117,144.15986446266652,146.12035519130814,58991300.0,-0.008421372691486018,144.8582305908203,145.15864105224608,54.6855167571363,0
143.90626525878906,145.4473535938561,143.8770053124194,144.69632845972228,48597200.0,-0.005527098398822261,145.0220947265625,145.02696685791017,54.28409762187655,1
144.94015502929688,145.08645474475415,143.21374397198983,143.84772924961433,55802400.0,0.0071844666988512,145.1020751953125,144.9781967163086,57.233450130833646,1
149.3488311767578,149.70972863585897,144.94991248756867,145.33030665463397,90956700.0,0.030417216999456098,145.76727294921875,145.17327423095702,67.5866317978467,0
148.09060668945312,149.03671791602926,147.5638979226051,148.90016654739884,86453100.0,-0.008424736085249629,146.1983856201172,145.33323669433594,63.32000915891557,1
148.7538604736328,151.16302859498964,148.58804915099893,149.06598641010868,80313700.0,0.0044787025930046465,147.00794372558593,145.93308715820314,59.022996752628934,1
149.8657684326172,150.90942268736845,148.64655451799135,150.08035127222993,71115500.0,0.007474817496796682,148.19984436035156,146.61096954345703,60.838495266871526,1
150.49977111816406,150.82164538297303,149.3195654805312,149.97306236375573,57808700.0,0.004230470321392454,149.311767578125,147.20692138671876,58.10409330985915,1
152.83094787597656,153.38690183783817,150.58759066721507,151.15330786824094,82278300.0,0.015489570120224228,150.00819091796876,147.88773193359376,65.41758876238057,0
151.28977966308594,153.1722383409362,150.18760579250247,153.11371846868906,74420200.0,-0.010084136978207425,150.6480255126953,148.42320556640624,73.23384217111504,0
150.27542114257812,152.26517148741016,150.15836649901337,151.66044621375175,57305700.0,-0.006704739228034606,150.95233764648438,148.98014068603516,68.8682509828549,0
145.30104064941406,151.65070144497142,145.03768627305047,151.1825274626448,140893200.0,-0.03310175712929442,150.03939208984374,149.11961822509767,51.685381104558594,1
145.86680603027344,147.6907459130559,145.08650587919956,146.92020900177502,102404300.0,0.003893746241119267,149.11279907226563,149.2122833251953,49.63969512556058,0
144.47193908691406,147.34929527061283,143.2917485822126,146.64702700212126,109296300.0,-0.009562607020200842,147.4409973144531,148.72459411621094,46.81385970695192,1
145.3595428466797,145.7594485393446,142.76505234502355,144.9011172737186,83281300.0,0.00614377965281987,146.25494995117188,148.45148773193358,51.44451700122237,0
145.12547302246094,145.30104757606733,143.59414799108714,144.78410203525485,68034100.0,-0.0016102817856660234,145.22496032714844,148.0886489868164,52.76422415463216,0
142.4626922607422,145.15472586644688,142.17007797103764,145.15472586644688,129868800.0,-0.01834812804576791,144.65729064941405,147.3483413696289,44.76936468735644,0
139.41952514648438,141.2727239872893,137.7906574556132,140.25834475382314,123478900.0,-0.021361151231706788,143.36783447265626,146.24031677246094,27.753668424100667,1
139.89747619628906,141.03867353306788,139.2634909051742,140.38516176883357,75834000.0,0.0034281500335231474,142.45294189453125,144.94696960449218,30.978459175308714,1
142.2578582763672,142.82356032742504,140.1608018149043,140.8923300236282,76404300.0,0.016872227750315494,141.83260498046874,144.0437774658203,36.02023070517182,1
143.2137451171875,143.457587900221,142.0530510886709,143.03817057425258,64838200.0,0.006719395697377228,141.45025939941405,143.33760986328124,35.58768086188212,1
143.30152893066406,143.83798604484667,141.97502355876833,142.07256662788618,53477900.0,0.0006129566223180838,141.61802673339844,143.13765869140624,34.026157140593284,0
141.78970336914062,142.36518367517027,140.2778899497781,141.8872464401241,74150700.0,-0.010549961140016384,142.0920623779297,142.72994842529297,24.573393950595857,0
138.4149169921875,141.18496735666514,138.2003341585889,139.7219107001194,108972300.0,-0.023801350145765343,141.79555053710936,142.1242462158203,22.65973682590395,1
139.31228637695312,140.89238314094982,138.531986350207,138.96115210906663,74602000.0,0.006483184069071557,141.20643615722656,141.51952056884767,26.603113940308106,0
138.0150146484375,140.82408826037346,137.80043180958225,140.12181985738948,89056700.0,-0.009311969261673325,140.16669006347655,140.8084747314453,31.555775299648104,1
139.1366729736328,139.40002732180153,135.68386603878685,138.40514469326044,94639600.0,0.008127074637875431,139.3337188720703,140.4758728027344,33.42936103259082,0
135.71315002441406,138.70754679310303,134.8645818313905,138.26861784072736,98322000.0,-0.024605467962192318,138.118408203125,140.10523529052733,30.39316416817414,1
137.63461303710938,138.73678711480215,135.9277136552574,136.0545166576062,80861100.0,0.014158266994389601,137.96234741210938,139.8789489746094,33.4724932765115,1
138.50270080566406,138.64900052233625,134.96209883237336,136.035013031244,83221100.0,0.006307190825033393,137.80043029785156,139.50343322753906,36.204820732276325,1
139.7609100341797,140.66801284222436,139.2049562794912,139.53657886179528,61732700.0,0.009084366017389378,138.149609375,139.15814971923828,44.022437801808415,0
139.3804931640625,140.62896670309593,139.04887063590832,140.48266702390393,58773200.0,-0.002721911799401955,138.19837341308593,138.76604614257812,49.90210980539827,0
139.2927703857422,141.24351294952652,138.31739910385002,138.76607644203366,64452200.0,-0.000629376294551176,138.91429748535157,138.51635284423827,48.4531519322525,0
138.02476501464844,139.72191616043952,137.56633938704366,139.7024045703548,73035900.0,-0.009103167146308322,138.99232788085936,138.4773376464844,38.53069533538062,0
137.43954467773438,137.91746698955632,135.77165355544514,137.76141892529833,78762700.0,-0.004239966189052757,138.77969665527343,138.2900634765625,34.034477812186196,1
140.21932983398438,140.33638447460456,138.02474508035556,138.6099736345154,69907100.0,0.02022551197159439,138.8713806152344,138.5104949951172,42.5820747642547,1
141.2727508544922,141.3312707409973,139.97550546602724,140.22911148485912,67940300.0,0.00751266620483082,139.2498321533203,138.72410278320314,48.7277796094754,1
142.94064331054688,143.22349439217342,139.63413574665708,139.91698682828363,85589200.0,0.011806186585639367,139.97940673828126,139.4468521118164,62.15936334685658,1
145.09622192382812,145.4961277086073,142.94065979384268,143.38932223477877,76378900.0,0.015080235847253931,141.3936981201172,140.1930130004883,64.55572058988423,1
145.58384704589844,146.06178411808008,144.47192487731365,145.03764175367826,58418800.0,0.003360701716453418,143.02255859375,140.90112762451173,69.85672824803346,1
145.79847717285156,145.95454013073487,144.2281290062348,145.14498028007085,61421000.0,0.0014742715713884635,144.13838806152344,141.5048843383789,68.350479412096,0
145.0279541015625,146.48124774454206,144.97918256227808,146.00332535531382,58883400.0,-0.005284849925939694,144.8894287109375,142.06963043212892,80.05050629359613,0
144.9792022705078,145.6912192153011,143.98431928920314,145.01821057744752,50720600.0,-0.00033615471828651877,145.2971405029297,142.63827362060547,76.95090063102964,1
145.6424102783203,147.12496353769075,145.34003275537546,145.6521586308098,60893400.0,0.004574504462888873,145.40637817382813,143.40003814697266,76.59904179144525,0
145.1840057373047,146.04232225315448,144.83287151805337,145.68143968000115,56094900.0,-0.0031474660446748626,145.32640991210937,144.1744842529297,71.48409825640579,1
148.81239318847656,149.39760698679012,146.0325792767904,146.13012235133445,100077900.0,0.02499164720483793,145.92919311523437,145.0337905883789,79.71771180989249,0
146.110595703125,146.2471470636249,142.804088225394,143.59413644564216,124953200.0,-0.01815572901868212,146.14572143554688,145.5175750732422,68.44327290048766,0
145.2913055419922,146.01307072992742,144.1598713388164,145.3205654883688,74588300.0,-0.0056073288674935995,146.20814208984376,145.7526412963867,70.14620402568724,1
146.3251953125,147.8370236875447,144.98892661408803,144.99868985144568,69122000.0,0.007115978252456356,146.34469909667968,145.87553863525392,74.03712002007737,1
147.75900268554688,148.2271767394299,146.1301344105293,146.68608830895576,54511500.0,0.009798772999993322,146.8596984863281,146.09305419921876,71.99796278884236,0
147.24200439453125,148.67578599123124,146.92987854832478,147.8467296178319,60394600.0,-0.0034989292132396876,146.54562072753907,146.2374069213867,67.97882989000404,1
147.76951599121094,148.6681654176707,146.57782514412813,148.36536141475236,65463900.0,0.003582616243570147,146.87740478515624,146.51156311035157,65.61690384943739,0
146.948974609375,148.0527572213007,146.67547332752292,147.8964665160418,55020900.0,-0.005552846108562326,147.2089385986328,146.7085403442383,56.558246554033616,1
147.31040954589844,147.9160175036458,146.57781350486675,146.71456416967115,56787900.0,0.002459594818434274,147.4059814453125,146.8753402709961,56.16665758351954,0
144.48745727539062,146.64617992683026,144.4190894029692,146.5387319232798,65187100.0,-0.019163291170053,146.75167236328124,146.8056854248047,46.0529277675537,0
144.4385986328125,145.96239567531134,144.25300529217714,145.50331597045192,41000000.0,-0.00033815144580340295,146.1909912109375,146.3683059692383,48.145028210709114,1
146.50942993164062,146.90990439693277,144.05766590459464,144.9856178095641,63804000.0,0.014337104613515006,145.93897399902343,146.40818939208984,54.27249016498624,1
146.51918029785156,148.35555879375588,145.96240025846288,146.88058950641502,59222800.0,6.655111698594673e-05,145.85301513671874,146.53097686767578,52.54070612705476,1
147.49598693847656,147.97462166575806,145.87450429964008,146.46058703081326,59256200.0,0.006666749285924922,145.89013061523437,146.64805603027344,56.50424721960366,1
149.92820739746094,151.40316186672771,147.48622091573952,147.49598349597346,88807000.0,0.01649007887922327,146.97828063964843,146.86497650146484,53.36561208428068,1
154.20654296875,154.9879815498081,149.49840122848465,150.14308917571017,137827700.0,0.028535894916339233,148.93186950683594,147.56143035888672,72.29891820558296,1
156.82437133789062,157.28346597858675,152.89765298958213,153.9916581394781,117305600.0,0.016976117347181185,150.99485778808594,148.4669158935547,78.90236692952287,1
157.283447265625,161.85483815926344,157.2639072032153,157.9281202781403,117467900.0,0.0029273251588253224,153.14771118164063,149.5003631591797,78.27650942445318,1
157.6644287109375,158.04537802988585,155.36895531169498,157.3811499145866,96041900.0,0.0024222602691883477,155.1813995361328,150.5357650756836,77.0283706251197,1
158.18215942382812,158.37751541168896,155.9355283016625,157.0197711747025,69463600.0,0.003283750920379358,156.83218994140626,151.90523529052734,79.85058346059498,0
153.17115783691406,156.72668956141257,152.73160325073675,155.86712045424656,76959800.0,-0.031678677324714855,156.62511291503907,152.7784912109375,61.84136936300483,1
156.52157592773438,157.44952783966656,155.10521179906075,155.67175446958956,88748200.0,0.021873687828276367,156.5645538330078,153.7797058105469,68.88964365162241,1
161.46417236328125,161.67906839694083,156.2090119296681,156.2773947152438,174048100.0,0.03157773237492112,157.40069885253905,155.27420501708986,73.65316246403886,0
160.9464569091797,166.34813007275002,160.71202083002768,163.59356203535145,152052500.0,-0.0032063797591996845,158.0571044921875,156.61925201416017,79.80174844630747,0
159.9598846435547,160.38967666927002,154.13819694441963,155.0563862894109,136739200.0,-0.006129816614613093,158.41264953613282,157.62241973876954,77.18086229240986,0
158.0844268798828,161.1320360204304,156.01362719703414,160.21384675586103,118023100.0,-0.011724550613743112,159.39530334472656,158.0102081298828,70.40978362232299,1
161.48370361328125,163.98429560873123,160.4678287996897,160.47759138079394,107497000.0,0.021502919677099497,160.38772888183593,158.47614135742188,73.56913483107724,1
167.2077178955078,167.5984447377344,164.43362438687151,165.15645786646198,120405400.0,0.03544638966130198,161.53643798828125,159.46856842041015,77.00738411620574,1
171.01724243164062,171.87682666062753,166.73887626153672,168.13570063364045,116998900.0,0.02278318599212903,163.55059509277345,160.80384979248046,77.8435969785844,0
170.50927734375,172.6484600825667,169.8841293433167,170.85116144440897,108923700.0,-0.002970256569852392,165.6604736328125,162.03656158447265,73.90419135953836,1
175.28582763671875,175.4616584549351,170.63628965473916,171.14422713494562,115402700.0,0.028013433447020786,169.1007537841797,164.24802856445314,75.45784092831515,0
171.66192626953125,177.90364454540125,171.45679280017228,176.91707224257422,153237000.0,-0.02067424055924283,171.1363983154297,165.7620635986328,68.23582869652185,0
170.28463745117188,173.61551126067369,168.21383726682737,171.18328686899508,139380400.0,-0.008023263214446574,171.7517822265625,166.64411010742188,65.61133664984752,1
175.13926696777344,175.33462289814014,168.31146765189683,171.04649539113694,131063300.0,0.02850891066431993,172.57618713378906,168.06339111328126,68.94356279121462,0
168.26263427734375,176.9365751900634,166.78767978084602,175.11973661793166,150185800.0,-0.03926379737386376,172.12685852050782,168.89366607666017,66.18474171604555,0
167.1686553955078,169.44458898529163,165.75230596796482,165.98672717242667,195432700.0,-0.0065016150884262824,170.50342407226563,169.80208892822264,61.99911472679829,0
165.81088256835938,166.62162387110183,163.57402950297322,164.374993320752,107499100.0,-0.00812217352550959,169.33321533203124,170.23480682373048,55.32929588025631,1
168.97567749023438,169.18079597836802,165.1954728286378,167.57885367447943,91185900.0,0.01908677447977669,169.07142333984376,170.41160278320314,59.24421343997672,1
171.56419372558594,171.7790897184107,168.15517538914062,169.02452194022183,92135300.0,0.015318868808803288,168.35640869140624,170.46629791259767,62.88499972552663,1
172.18934631347656,172.74612637491737,171.2027891594229,171.76933180091095,68356600.0,0.003643840677446608,169.14175109863282,170.63430480957032,66.10886229656981,1
176.1453399658203,176.23324788670124,172.96099551474387,172.98052067180626,74919600.0,0.022974671412839598,170.9370880126953,170.72025604248046,66.53441862081854,0
175.12953186035156,177.1222015844957,174.38717318344425,175.97935346537145,79144300.0,-0.005766874705092184,172.80081787109376,171.0670166015625,59.99509451717959,1
175.2174530029297,176.43844648209003,174.00622210590865,175.16861028282216,62348900.0,0.0005020349317683692,174.0491729736328,171.56029815673827,55.84875031605966,0
174.06480407714844,176.3798175385403,173.95735606919604,175.30533745901636,59773000.0,-0.006578391056523247,174.5492950439453,171.45285186767578,54.86371008309521,0
173.4494171142578,175.07088475573076,173.14659828081136,173.95733955389892,64062300.0,-0.0035353899724488436,174.80130920410156,171.97153015136718,47.16519553275273,1
177.78639221191406,178.6362137085352,173.58618706197944,173.70339765267045,104487900.0,0.025004264469792536,175.1295196533203,173.0333038330078,59.250480877596424,0
175.53001403808594,178.69483440178558,174.9634712930882,178.3920304132724,99310400.0,-0.01269151224542886,175.2096160888672,174.00521697998047,57.717741099007085,0
170.8608856201172,175.98905654908802,170.58738436294814,175.4420540347499,94537600.0,-0.026600171164776754,174.3383026123047,174.19373779296876,43.67048831428228,0
168.0086669921875,171.23209207239668,167.65702034880644,168.6924202141222,96904000.0,-0.016693221608783837,173.1270751953125,173.83818511962892,49.5734893003318,1
168.1747283935547,170.09901499255682,167.06118311991872,168.8780217142409,86709100.0,0.0009884097311176898,172.07213745117187,173.4367233276367,51.74394430719912,1
168.19427490234375,168.4970788622131,164.2675561955421,165.1564429133354,106765600.0,0.00011622738431493751,170.15371398925782,172.64161682128906,54.33241173638185,1
171.01724243164062,171.11491297284869,166.85610177757536,168.32129403805408,76138300.0,0.016783969198332915,169.25115966796875,172.23038787841796,53.75775305488057,1
171.45672607421875,173.0684309309445,170.76321037163262,172.0330312140467,74805200.0,0.002569820658602895,169.37032775878907,171.85431518554688,49.78519934098926,0
168.19427490234375,172.52146809219963,167.80354809549323,171.70096415486904,84505800.0,-0.01902784012371017,169.4074493408203,171.26726226806642,42.77641514899863,1
169.0538787841797,169.7473947274692,167.11981439919933,167.36401309283474,80440800.0,0.005110779676270383,169.58327941894532,170.82770843505858,35.56097530664745,0
165.85972595214844,168.53613361538314,165.47877665458643,167.53003637041928,90956700.0,-0.018894288939143578,169.11636962890626,169.63504180908203,32.663489526853496,0
162.37255859375,167.11001826086033,162.08929472408371,166.0550783276264,94815000.0,-0.021024798747132256,167.38743286132814,168.31929626464844,28.68716114909668,0
160.6925048828125,165.74253213798244,160.37016081486053,163.1051891966637,91420500.0,-0.010346906678615153,165.23458862304688,167.30245819091797,28.193717941891194,0
158.64126586914062,162.4703001509204,158.53381783220286,160.60461828441345,122848900.0,-0.01276499495211536,163.32398681640626,166.36571807861327,26.93249512606623,0
157.86952209472656,158.5337501042213,151.11010595295735,156.30665983978236,162294600.0,-0.004864710138222539,161.0871154785156,165.33519744873047,15.097551401529287,0
156.07228088378906,158.98312538106185,153.37633244719146,155.2908420181254,115798400.0,-0.01138434567413904,159.12962646484374,164.122998046875,15.344472974177563,0
155.98435974121094,160.57529219502064,154.15775828454986,159.70594544292626,108275300.0,-0.0005633360522461217,157.85198669433595,162.61970977783204,18.336838659307006,0
155.52523803710938,160.03802433796417,154.60704872462142,158.68028043462846,121954600.0,-0.0029433829446957605,156.81853332519532,161.02656097412108,20.416669077360112,1
166.37744140625,166.39698147337538,159.0221785798324,161.86465470605705,179935700.0,0.06977776408579572,158.3657684326172,160.84487762451172,47.17273427729945,1
170.7241668701172,170.93906288440527,165.576454917367,166.21138037947398,115541600.0,0.026125690040235794,160.93669738769532,161.01190643310548,53.50283376312672,0
170.55810546875,170.78276405312576,168.31147491088436,169.97202274767105,86213900.0,-0.0009726883101062178,163.8338623046875,161.48174438476562,49.31380266889485,1
171.75958251953125,171.79866265554188,169.30783310188434,170.69487983616585,84914300.0,0.007044385533476749,166.98890686035156,162.42044677734376,50.442550489284955,0
168.8878173828125,172.1503233892282,168.1259186202505,170.43115497753465,89418100.0,-0.01671967930169016,169.6614227294922,163.23997802734374,51.025147371137095,0
168.60415649414062,170.27660988825676,166.93170310002452,167.90974218054592,82465400.0,-0.0016795817073584907,170.1067657470703,164.23626708984375,49.32373674170199,0
167.8902130126953,170.1299162190593,167.19579861278513,169.0638570704662,77251200.0,-0.004234435830590688,169.53997497558595,165.23833618164062,53.29942416903208,1
170.99057006835938,171.49915455646115,167.6652283214683,167.9586430232075,74829200.0,0.01846657407855945,169.6264678955078,166.73016510009765,64.18205175335248,1
172.4087677001953,172.7706374679008,171.05906868207904,172.18382283840776,71285000.0,0.00829401078240144,169.7563049316406,168.3726058959961,69.44823669881204,0
168.340087890625,171.62629991772872,167.78261335475796,170.31573108381698,90865900.0,-0.023599030744453908,169.64675903320312,169.65409088134766,65.08882060592478,0
164.9365234375,169.27901969811438,164.34969397169522,168.545490327705,98670700.0,-0.020218383486507285,168.913232421875,169.50999908447267,60.162229505952176,1
165.17127990722656,165.85590442480958,162.9022215932997,163.69443102962404,86185500.0,0.0014233140412682754,168.36944580078125,168.9547103881836,63.69983109318914,1
168.99534606933594,169.1518358853044,166.51113366652052,167.21532291468824,62527400.0,0.023152125262074996,167.97040100097655,168.79843444824218,67.60878903023294,0
168.76065063476562,169.53329496166765,166.31555287107355,168.0760262456703,61177400.0,-0.0013887686260545262,167.24077758789062,168.49854125976563,68.02200048867813,0
165.17127990722656,168.13473775909648,164.7702802170368,167.27405840916626,69589300.0,-0.021269002661688186,166.60701599121094,168.12688751220702,47.952696560244284,0
163.62594604492188,166.7947832093295,162.54032203615824,166.09060878011084,82772700.0,-0.009355947736026882,166.34490051269532,167.62906646728516,36.68547497514201,0
160.7113800048828,163.02932772220805,158.58902218443671,161.35687442039574,91162800.0,-0.017812370901366115,165.45292053222656,166.91118316650392,33.25639358417975,0
156.5547332763672,162.50119815168253,156.241753586249,161.90459367562613,90009200.0,-0.025864047265286016,162.9647979736328,165.46759948730468,26.506434845917823,1
159.16607666015625,159.27366155009665,148.66193213542687,149.2291965620497,141147500.0,0.01668006663956456,161.04588317871094,164.1433303833008,34.856715844635886,1
161.22975158691406,161.4938113988268,157.3371452242796,160.24192254485857,91974200.0,0.012965544983332578,160.25757751464843,163.4322967529297,39.11661765692762,1
161.4938201904297,161.78723492110947,158.86289248069977,159.479061922758,95056600.0,0.0016378404166508265,159.83115234375,163.08802642822266,40.43296038385557,0
159.61598205566406,162.94132403155473,158.41299811175085,161.08304074169718,83474400.0,-0.011627925654067228,159.61207275390626,162.5324966430664,32.34132671311244,1
162.90219116210938,163.6846254319098,159.37146939131958,160.7798480922219,79724800.0,0.020588220954586456,160.88156433105468,161.92318115234374,36.0504351073629,0
162.57943725585938,165.20058983386846,161.91437782369874,164.77025023720336,76678400.0,-0.001981274186354076,161.56423645019532,161.30505981445313,40.50303023594887,0
159.58663940429688,161.91437725608384,158.54014531943216,160.87765818976635,83737200.0,-0.018408218788779407,161.23561401367186,160.74659576416016,41.059124380200274,0
155.8016357421875,161.3960207362876,155.54733601828758,159.7724722055909,96418800.0,-0.023717547259833216,160.09717712402343,159.96416473388672,36.00223946296657,0
153.98248291015625,159.30301816152476,152.37849933499598,155.33218168421902,131148300.0,-0.011676083010075056,158.97047729492186,159.29127502441406,26.1423800029971,1
159.3715057373047,159.82141039524444,155.90925307773497,157.9337867292243,91454900.0,0.03499763560958269,158.26434020996095,159.5729522705078,37.17952831568521,0
155.03875732421875,156.86768560681452,152.55452973284972,156.68185579600046,105342000.0,-0.02718646845332373,156.7562042236328,159.16022033691405,36.43976457432527,0
151.33200073242188,155.78208206231224,151.10705589580672,155.4397623739769,96970100.0,-0.023908580381905797,155.10527648925782,158.17044525146486,34.446935932717466,0
147.31222534179688,150.73536174739257,146.80365582087973,148.12399948025242,108732100.0,-0.026562626352456542,153.4073944091797,156.75228576660157,33.509866171308076,1
151.68406677246094,152.15353624322603,147.07751138372214,147.58608092484786,92964300.0,0.029677383669416635,152.9477111816406,155.95909423828124,44.037328248438556,1
156.0852813720703,156.48628104894496,151.06795013405093,153.60106822684398,102300200.0,0.029015668509281056,152.29046630859375,155.27740325927735,46.38683000314604,1
157.09266662597656,157.46432633327734,154.16833868809496,155.1268130175759,75615400.0,0.006454069500024584,152.7012481689453,154.72872619628907,45.02473977543726,1
160.37884521484375,160.86786475806085,156.25151907619613,156.98504839102176,123511700.0,0.02091872688552221,154.5106170654297,154.80794677734374,48.74999101894438,1
161.74813842773438,162.69683770871782,159.43017522147943,159.91919485399893,95811400.0,0.008537866768253188,157.39779968261718,155.40259704589843,52.417951812274204,1
165.11256408691406,165.69937857870127,161.2884277154457,161.8752422072329,81532000.0,0.020800398025494715,160.0834991455078,156.5156051635742,52.50221359164269,1
166.4720458984375,168.84867380689855,163.9682532045546,164.30079784879288,98062700.0,0.008233666644579696,162.16085205078124,157.2256591796875,54.30549929790452,1
170.24729919433594,170.31575418142768,166.47206709718986,167.30339150441574,90131400.0,0.0226780014357586,164.79177856445312,158.74651336669922,61.59081490418035,1
170.8829803466797,171.430679815148,168.95624226558783,170.06143114397722,80546200.0,0.003733869232299014,166.89260559082032,160.701611328125,67.60267787970912,1
171.74368286132812,171.87081780430975,168.22273590773543,168.38900077447545,90371900.0,0.005036794845819648,168.89171447753907,163.14475708007814,71.20499214466639,1
175.02989196777344,175.0787819860724,172.46741925958432,172.8097389298353,100589400.0,0.01913438125755529,170.87518005371095,165.47933959960938,69.68274013338848,0
173.86599731445312,175.6655854938626,172.8194884204446,174.62886654102215,92633200.0,-0.00664969074845001,172.35397033691407,167.25741119384764,75.7145870117225,0
170.77542114257812,174.1203133341303,170.5700263491638,173.93448350287292,103049300.0,-0.01777562156840473,172.4595947265625,168.6256866455078,77.01081836858764,0
170.48199462890625,171.0394840841696,168.16404671715162,170.20814487239906,78751300.0,-0.0017182010836729322,172.3793975830078,169.63600158691406,85.90479514375595,1
174.5212860107422,174.57019094673095,170.60912991069844,170.73627975953104,76468400.0,0.023693360642737638,172.93491821289064,170.91331634521484,85.75800783844508,0
171.21554565429688,174.38439814013864,170.58960114244232,173.60196376939686,73401800.0,-0.018941760240305805,172.17204895019532,171.52361450195312,74.53221697116581,0
168.05648803710938,169.8169616919483,166.393824277865,168.57484765163213,89058800.0,-0.01845076394853762,171.01014709472656,171.68205871582032,66.61728294559481,1
168.35963439941406,169.55284318419794,166.11993163539967,167.40116034930097,77594700.0,0.0018038361139485204,170.52698974609376,171.49329223632813,63.298575885399586,0
166.3546905517578,168.00757925318007,165.48423622614246,168.00757925318007,76575500.0,-0.011908696848911826,169.70152893066407,171.04046325683595,57.51677046903532,0
162.1099853515625,165.31795249524248,161.8654755697351,165.00498773482366,72246700.0,-0.025515993484263477,167.21926879882812,170.07709350585938,45.23734493543282,1
163.97805786132812,166.13951616252308,162.98045368647982,164.3301525745867,79265200.0,0.011523488239878699,165.7717712402344,168.97191009521484,46.106878738393,1
166.65786743164062,167.28381189911025,163.10759541750994,163.7139749230824,70618900.0,0.01634248877724076,165.49204711914064,168.2510971069336,44.19847753718729,0
161.6601104736328,167.5087962740481,161.41560064690395,166.87306177033577,75329400.0,-0.029988124983405196,164.1521423339844,167.33956604003907,36.935457793939776,0
161.44493103027344,162.94132974863555,159.977872292766,160.32017704396847,69023900.0,-0.0013310608456776896,163.1701904296875,166.43585968017578,35.13966236903556,1
163.7237548828125,164.1345444765827,160.31040765157212,161.39603175237912,67723800.0,0.014115177466375473,163.4929443359375,165.35610656738282,33.19760662626915,0
163.55747985839844,165.17125338034182,162.45230578739907,165.05387853639598,67929800.0,-0.0010155827694831032,163.40882873535156,164.59029998779297,34.212057632922196,0
162.76527404785156,167.7630547165198,162.266479452362,165.20059691129774,87227800.0,-0.004843592669884211,162.63031005859375,164.0611785888672,36.803030798199025,0
158.2369384765625,164.1834179598548,157.95331370568277,162.8043941791054,84882400.0,-0.027821263459168688,161.9456756591797,163.04890899658204,32.296309565515116,1
159.3030242919922,159.58664908398902,154.98009296481885,157.5816658069576,96046400.0,0.00673727528915502,161.51729431152344,162.34374237060547,25.92819470149189,0
153.3565216064453,158.7748512209157,153.2782766938566,158.6868312906376,95623200.0,-0.037328247294585726,159.44384765625,161.46839599609376,23.929117325643404,0
153.13162231445312,156.2808951707583,151.9677531448404,152.4861127865459,88063200.0,-0.0014665127353979956,157.35867614746093,160.38375244140624,26.171107215351597,1
160.0463104248047,160.906989569117,155.43973990755873,155.75271956865106,130216800.0,0.045155193981765374,156.81488342285155,159.72259674072265,39.04073271249418,0
154.18785095214844,162.55008785176082,153.7966412998766,158.28583697775457,131747600.0,-0.03660477681182639,156.00506591796875,158.97537078857422,35.44002436626529,1
154.49107360839844,154.7551334388098,149.9040675207667,153.2685246478865,123055300.0,0.0019665794313723506,155.04267578125,158.2799850463867,39.93281188820692,1
155.97764587402344,157.1806445145201,152.88705416758032,154.67685229380243,88966500.0,0.009622382904743931,155.56690063476563,157.5053741455078,39.32105612405552,1
162.3740692138672,162.82395888042848,155.76251479077115,156.1635144371754,108256500.0,0.04100859007072,157.41539001464844,157.38703308105468,44.79811359980255,0
153.32717895507812,160.47664169209344,151.54714080304078,160.25169689963175,130525300.0,-0.055716348691570716,156.07156372070312,156.44322357177734,40.78716204703565,1
154.05198669433594,156.16765847712838,151.01560506464577,152.80804796848787,116124600.0,0.0047271967318343044,156.0443908691406,156.02472839355468,41.917486644361674,0
148.93914794921875,152.63177739233632,148.38085428930862,151.75023984870148,131577900.0,-0.033189047767763546,154.9340057373047,154.98834075927735,34.77954210004128,1
151.33885192871094,153.52309446613708,149.79127784510368,152.328132388233,115366700.0,0.016111976015267482,154.0062469482422,154.7865737915039,37.974178635019115,0
143.49325561523438,152.25956414663153,142.81741468212965,150.3495886480442,142689800.0,-0.051841256977238626,150.23008422851564,153.82273712158204,33.34455994284188,0
139.6341094970703,143.19940187956024,135.95128476595931,139.83980605277625,182602000.0,-0.026894268316777548,147.49147033691406,151.7815170288086,33.734758444509495,1
144.09071350097656,145.0604001115948,140.17280954058904,141.62242982115953,113990900.0,0.03191629910455185,145.49921569824218,150.7718032836914,37.443689211805136,0
142.552978515625,144.49235241019304,141.2208901087805,142.56278284412517,86643800.0,-0.010671992302551447,144.22198181152345,149.57799377441407,40.382760223515405,1
146.177001953125,146.6961230315545,143.66953086740642,145.80479629477273,78336300.0,0.02542229194532597,143.18961181640626,148.59792938232422,44.162326411125264,0
137.92984008789062,144.33560760113403,137.0287088681347,143.83608013972986,109742900.0,-0.05641901089118673,142.0769287109375,146.15350646972655,31.841735426095482,0
134.53106689453125,138.75260707730666,133.7964597180681,137.00914057415054,136095600.0,-0.024641319029976683,141.0563201904297,144.27389526367188,33.18193650942024,1
134.76612854003906,137.81230015984903,129.8883411847853,136.23534285932448,137426100.0,0.0017472666420768057,139.1914031982422,142.34530944824218,33.103912141503784,1
140.17282104492188,140.31973647724712,134.82487512400195,134.9620011760451,117726300.0,0.04011907564204065,138.71537170410156,141.4686767578125,37.31381050982367,0
137.479248046875,139.0562049598391,134.5114370469514,137.92000924521287,104132700.0,-0.01921608609976999,136.97582092285157,140.0827163696289,28.754554761706956,1
137.635986328125,138.87991021944293,135.50072064953915,135.58886991195646,92482700.0,0.0011400868383899532,136.91705017089845,139.49698944091796,34.21360143787085,1
140.82907104492188,141.37757526410218,134.32535040420584,134.57021942674126,90601500.0,0.02319949020588652,138.17665100097656,139.61648559570312,37.32629499423628,1
146.56878662109375,146.60795908464218,142.27867700009156,142.40601366145458,90978500.0,0.04075661036165612,140.5371826171875,139.86429290771486,47.75506794740398,0
145.78521728515625,147.5678709384086,143.82626511004062,146.01050754614022,103718400.0,-0.005346085984618054,141.65966186523437,140.18751678466796,44.57414160604443,0
145.65792846679688,148.625740486996,144.64905411869742,146.8234927200187,74286600.0,-0.0008731256894888295,143.29539794921874,140.13560943603517,52.49046746297583,1
148.10658264160156,148.16534881431244,143.84585577263883,144.7959487531145,72348100.0,0.016810991345128645,145.38951721191407,141.15328369140624,60.074601680442946,0
142.396240234375,144.93307974702813,141.49512401563555,143.88503314588232,88570300.0,-0.03855562869237783,145.70295104980468,141.93980102539064,48.04344248691007,1
143.14064025878906,145.52077501341512,141.92608448379778,144.01237341190438,71598400.0,0.005227666286615529,145.01732177734374,142.77725219726562,50.69121909633419,1
145.65792846679688,145.94197002029273,141.14254208512267,141.3874111623379,67808200.0,0.017586118124501393,144.9918640136719,143.3257629394531,49.373135142466275,0
144.92330932617188,146.7940975636926,144.43357121198528,145.53057980516448,53950200.0,-0.00504345454008337,144.84494018554688,144.0701690673828,60.317955589414154,0
139.71249389648438,144.91351047437155,139.60475090946733,144.0613709060868,69473000.0,-0.035955675135459164,143.16612243652344,144.27781982421874,57.25652589415307,0
134.3155517578125,137.8710395567264,134.24698126233585,137.40089525066517,91437900.0,-0.03862891562633308,141.54998474121095,143.6264678955078,49.448683647959605,0
129.17330932617188,132.4251621177248,128.74233746263164,130.1429810735186,122207100.0,-0.0382847880557623,138.7565185546875,141.8869201660156,36.45356096145621,1
130.0352325439453,131.14204524198857,128.7815044194442,130.39764883857168,84784300.0,0.006672610791421452,135.6319793701172,140.31192169189453,40.39918525588672,1
132.6504669189453,134.5212702217429,129.4475902081577,131.53386454500733,91533000.0,0.02011173682575751,133.1774108886719,139.01117553710938,43.9534457647601,0
127.3906478881836,129.67282879246193,126.39157816992548,129.36919361966238,108123900.0,-0.03965171893420982,130.71304168701172,136.93958206176757,34.47962906211157,1
128.85983276367188,130.34864015181543,127.14575012821126,127.4004233992444,134520300.0,0.011532909988634765,129.62189788818358,135.58594131469727,27.309201221412494,1
133.0813751220703,134.2469537412818,130.5837237330342,130.68166234784275,81000500.0,0.03276073131447199,130.40351104736328,134.58001480102538,35.0403280580793,0
132.5720977783203,134.93262385029735,131.16164978530637,132.0235786011109,73409200.0,-0.0038268115525772473,130.91088409423827,133.27143173217775,34.727903004296735,1
135.43215942382812,135.74558399228505,132.84634321517927,134.0119221215175,72433800.0,0.021573631959043604,131.46722259521485,132.32231674194335,35.34873851455228,1
138.75257873535156,138.99744774415504,136.901369626622,137.02869134817942,89116800.0,0.024517214564469425,133.73960876464844,132.22632522583007,45.54169678810835,0
138.75257873535156,140.5450216732672,138.07673787975503,139.77122723590202,70207900.0,0.0,135.71815795898436,132.67002792358397,44.531243165860545,0
134.6192169189453,140.47648065381134,134.50168455265504,139.21296287932694,67083400.0,-0.029789441422130136,136.02572631835938,133.21461868286133,36.775375168088026,1
136.3724822998047,137.78293057588337,133.86502534038587,134.63881999394516,66242400.0,0.013023886343916491,136.78580322265626,133.84834365844728,39.99998929310204,0
133.91397094726562,135.5301005021527,131.02451949836083,134.43309207438057,98964500.0,-0.018027913777606597,136.48216552734374,133.9746940612793,42.752169798329774,1
136.07861328125,136.1863562547321,132.87573705664798,133.2479278277153,71051600.0,0.016164424956353507,135.94737243652344,134.84349060058594,52.39745199140981,1
138.6546173095703,138.70359409768392,134.1196387404863,134.94240992218974,73353800.0,0.018930263663079705,135.9277801513672,135.82296905517578,63.86024543796597,1
139.9867401123047,141.16210859174285,138.1845074474581,138.44897021265854,74064300.0,0.009607489664481772,137.00128479003905,136.5135055541992,64.35032932736421,1
143.3463592529297,143.5422515193908,140.3393599057939,140.3491492881493,66253700.0,0.023999552657128387,138.39606018066405,137.59093170166017,65.09958671223617,1
144.02215576171875,144.52169812610057,142.02403114104803,142.2786895406023,64547800.0,0.004714430923192348,140.41769714355468,138.4499313354492,76.96959679560474,0
141.896728515625,143.63040577238007,140.82910292265402,142.68031255423233,63141600.0,-0.014757640828611307,141.5813201904297,138.76434631347655,70.70002306501038,1
142.86639404296875,145.40323372369386,142.07302074051665,142.76844044820817,77588800.0,0.006833600305570009,142.42367553710938,139.17572784423828,67.3258702367913,0
142.50401306152344,143.4443019452147,139.20316774910646,140.05532229787818,71185600.0,-0.0025365026105181876,142.92713012695313,139.9642074584961,67.6779341549927,1
145.42282104492188,145.8929653987599,140.30995449187216,141.12292146669557,78140700.0,0.02048228622262238,143.34242248535156,140.8692413330078,67.7453871338436,1
147.0879364013672,147.76377735798872,145.1583671279135,146.7059412883577,76259900.0,0.011450165417510094,143.95557861328126,142.18663787841797,65.73022383632868,0
144.0515594482422,148.45920196700573,143.6891431225671,147.64623499784832,81420900.0,-0.020643276582788306,144.38654479980468,142.9839324951172,58.97186555403415,1
147.90089416503906,148.1261694879342,143.8948404199678,144.88410592104603,82982400.0,0.02672192325817857,145.39344482421876,143.90856018066407,72.70599602657852,1
149.89903259277344,150.56508418725386,147.28383290571463,148.01844006316782,64823400.0,0.013509982066130632,146.87244873046876,144.89978942871093,72.93261947532679,1
152.16160583496094,152.3770917552224,148.82158901652633,151.3290452388946,65086600.0,0.015093981615839747,148.22020568847657,145.78131408691405,81.14355478261595,0
150.927490234375,153.0725455912705,150.26145356507448,152.20081233549695,66675400.0,-0.008110558467189777,148.9881164550781,146.4718475341797,76.17420493178982,0
149.8108367919922,151.85793784801606,149.1545897286283,150.8490788607654,53623900.0,-0.007398608700434628,150.1399719238281,147.2632583618164,70.73174466347572,0
148.4886016845703,149.94801169458665,147.70501771546552,149.13504463438227,55138700.0,-0.008826031118548294,150.25751342773438,147.82547912597656,65.80492570370437,1
153.5720672607422,154.10099277980115,149.0371026048061,149.4484808165071,78620700.0,0.03423471915353149,150.99212036132812,148.93228454589843,67.8645650618507,1
154.1205596923828,154.4046011657363,151.24089776552904,153.75814339733685,81378700.0,0.0035715637708344516,151.3839111328125,149.80205841064452,67.72098582822392,1
159.17465209960938,160.2716754702952,156.22643448443253,157.93072824104914,101786900.0,0.03279310961051718,153.03334350585936,151.01072998046874,77.49383752032307,0
158.19517517089844,160.23248719622674,157.5879047882323,157.70543713439503,67829400.0,-0.006153473029725798,154.71021118164063,152.4250915527344,74.38461191167053,0
156.72596740722656,159.07671904499605,156.35377664743476,156.81413161603723,59907000.0,-0.009287310830337847,156.35768432617186,153.30759887695314,71.85431923226987,1
162.7203826904297,163.17093336402678,157.45079605540153,157.53894532472003,82507500.0,0.03824774785168583,158.18734741210938,154.58973388671876,74.28498713998712,0
162.40692138671875,163.7586031177134,161.0552396557241,162.60281360750764,55474100.0,-0.0019263800793001273,159.84461975097656,155.61426544189453,72.3556235267082,0
162.18136596679688,162.67178435198056,159.876393569881,160.08237587686597,56697000.0,-0.0013888288626860978,160.44596252441406,156.73965301513672,78.82210590305489,0
161.71054077148438,164.59420304327227,161.05338198319762,163.18179581085533,60276900.0,-0.0029030782451844317,161.14903564453124,157.92962341308595,74.59621377202514,1
161.7595977783203,162.64235984823435,160.12160217379457,160.87685067478762,63135500.0,0.0003033630745521432,162.15576171875,159.25672302246093,72.70083958416811,1
165.9967803955078,166.09485506907728,163.70161153159123,164.46666283077084,70170500.0,0.026194319690348467,162.81104125976563,160.4991943359375,74.61929375067203,0
165.2611846923828,167.71327649760102,164.9669306824805,166.8010905635419,57149200.0,-0.004431385364055518,163.38189392089845,161.6132568359375,75.967104808503,1
168.802001953125,168.87065273956517,166.1537308916434,166.56569547580563,68039400.0,0.02142558319022747,164.70602111816407,162.57599182128905,81.62676702352304,1
169.87112426757812,170.06728863023804,168.0663881848966,168.2331286414766,54091700.0,0.006333587884520542,166.3381378173828,163.74358673095702,85.91194414104764,0
169.71414184570312,170.38111846177,168.3704006026436,169.4689327157213,56377100.0,-0.0009241265845024715,167.92904663085938,165.0424041748047,82.48649578213912,1
171.2050323486328,172.77436193637106,169.2629800618565,169.4591443895264,79542000.0,0.008784715797491627,168.97069702148437,165.890869140625,83.1265429395795,0
170.81271362304688,171.54834118381174,169.8024529702403,170.4203849105247,62290100.0,-0.002291513982994653,170.08100280761718,166.7314483642578,77.54582712746362,0
168.23309326171875,170.41055165199725,168.02711099609633,169.7141510996703,70346300.0,-0.015102039576637694,169.96722106933595,167.33662109375,72.08557794252233,0
164.35879516601562,166.6049043800519,163.9370276482697,166.43816395511286,69026800.0,-0.02302934589495964,168.86475524902343,167.60144653320313,65.18659881512804,0
164.02528381347656,165.4769326102334,163.45639684713305,163.87816432492966,54147100.0,-0.0020291664477229965,167.72698364257812,167.82801513671876,53.35118689338651,1
164.31956481933594,164.88845187937156,163.06409508904346,164.11359750144874,53841500.0,0.0017941197784727692,166.34989013671876,167.66029357910156,54.91680650579479,1
166.77166748046875,166.87956011908489,165.1238689631101,165.5456215718219,51218200.0,0.014922767497764555,165.54168090820312,167.81134185791015,60.5881466818903,0
160.48448181152344,167.7721056277997,160.42563400937078,167.3013082441995,78961000.0,-0.03769936323075762,163.99195861816406,166.97958984375,47.77023153228004,0
158.28741455078125,159.77827539995786,156.7573118566176,158.06181135805244,73314000.0,-0.013690216249833242,162.77768249511718,165.82121887207032,44.14293369903801,0
155.86474609375,159.44479366035216,154.69754815714236,159.02304111055471,77906200.0,-0.015305502739474064,161.14557495117188,164.436279296875,31.794246107362483,0
154.20713806152344,157.50274977749038,154.12866933419335,157.23791969354875,87991100.0,-0.010634913113896416,159.1230895996094,162.73648986816406,30.77455070433001,1
154.93296813964844,155.38414463005734,151.70600708998924,153.63825654168207,74229900.0,0.004706851364010278,156.7553497314453,161.1485153198242,23.260375964136955,0
152.8241729736328,157.2869832188541,152.00027368828214,156.6886721974106,76957800.0,-0.013611016372673257,155.2232879638672,159.6076232910156,18.400158849315474,0
151.56866455078125,154.079603619405,150.74476547508485,153.47148977301632,73714800.0,-0.008215378486413738,153.8795379638672,158.3286102294922,17.68010758240719,1
152.97125244140625,153.66763790838854,150.6662809011109,151.8530995373935,87449600.0,0.00925381176103901,153.30083923339845,157.22320709228515,17.420344082808455,0
151.50003051757812,153.36361410419434,149.75412756943635,151.6765739248584,84923800.0,-0.009617636649681294,152.75941772460936,155.94125366210938,16.77363429880721,1
154.35426330566406,154.79565178409123,151.78447599724632,152.49067960307377,68028800.0,0.018839816588385183,152.6436767578125,154.69951324462892,26.345778657594337,1
160.29812622070312,161.11222243462,156.24728104104713,156.53171708379904,104956000.0,0.03850792837039152,154.13846740722656,154.68087768554688,43.535297392838785,0
150.89190673828125,157.46350930410847,150.43091231518306,156.8357744463717,122656600.0,-0.058679534840420544,154.00311584472655,153.9413269042969,33.77761141537589,1
152.33372497558594,154.0894308134101,150.66630580332588,151.82368576965968,87965400.0,0.009555305307431095,153.8756103515625,153.58822479248047,35.60318586769735,0
149.4500732421875,152.26508456095567,148.47905455230304,151.6863795720259,90481100.0,-0.018929831420196663,153.4656188964844,153.11251831054688,29.407618100880526,0
147.8120574951172,148.4496101996778,145.52670665510445,148.31229368839013,162278800.0,-0.01096028734904575,152.157177734375,152.40042724609376,33.06237207553143,1
151.51962280273438,151.5980915210163,146.24273245408108,146.44869974399057,81474200.0,0.025082969349369044,150.40147705078124,152.2699722290039,41.305416614065365,1
153.8932647705078,155.05065980282333,150.14647654096677,150.4603364872082,107689800.0,0.015665574688393358,151.00174865722656,152.50243225097657,47.46404304588837,0
150.77418518066406,155.69798850992015,150.6564895920879,154.32480845556432,101696800.0,-0.020267810904493144,150.6898406982422,152.28272552490233,45.74413589588377,0
149.81300354003906,151.50984684718208,148.0180705759549,149.4599017279835,86652500.0,-0.006374974863722627,150.7624267578125,152.11402282714843,43.689555198478615,0
147.5472412109375,148.5673196468233,145.71308157487604,148.29268659863374,96029900.0,-0.01512393634439091,150.70946350097657,151.43332061767578,43.5211590045528,1
147.8807373046875,150.82324708343862,146.77238716545008,146.79200808789446,93339400.0,0.0022602665492961194,149.9816864013672,150.19158172607422,45.36719767711999,1
148.85179138183594,151.75507497309587,147.07647912072952,149.81302224747262,84442700.0,0.006566467647153518,148.9733917236328,149.9875701904297,44.768380806951384,0
146.96856689453125,147.75323924438212,142.06438341593866,144.81072915722658,146691400.0,-0.012651674997137374,148.21226806640624,149.45105438232423,44.30474615354521,0
139.74961853027344,143.9083718149734,137.98410935439225,143.30025780798485,128138200.0,-0.049118995420553646,146.19959106445313,148.48100891113282,33.45927005321349,0
135.55162048339844,140.35772899315157,135.35545614892226,138.5725991267457,124925300.0,-0.030039424014353222,143.80046691894532,147.25496520996094,20.818940311317505,1
139.72019958496094,140.32832857992096,135.05142179088293,135.5614611189966,114311700.0,0.030752705771400546,142.168359375,146.07502288818358,34.96972590934155,1
143.3002471923828,143.41794280659562,141.49549629829846,142.2507447443845,87830100.0,0.025622978052252998,141.05805053710938,145.0157211303711,38.50768253593569,1
143.59445190429688,144.55568241187106,140.26941690015158,141.30911612057122,79471000.0,0.002053064929602666,140.3832275390625,144.29774780273436,42.02509549004369,0
142.64306640625,144.71263233032042,142.43709909152813,143.0157891213956,68402200.0,-0.006625503182260517,140.9619171142578,143.58075408935548,42.826060530848856,0
137.40541076660156,140.3577388347644,136.7776758724346,139.80845770678545,85925600.0,-0.03671861361092377,141.33267517089843,142.5665710449219,31.209241344061056,1
137.7290802001953,139.17091126885134,135.91454138275128,137.7290802001953,74899000.0,0.0023555799716179493,140.9344512939453,141.55140533447266,27.237573809380564,0
136.316650390625,138.64124303543636,135.57122005048993,137.21901816017072,77033700.0,-0.010255131360183967,139.53773193359376,140.29789123535156,28.612884425168602,0
135.68894958496094,137.67024396939837,135.51240615749046,136.46381898254117,70433700.0,-0.004604725863387449,137.95663146972657,139.16992950439453,28.898003773416292,1
140.24986267089844,140.83835578471064,131.79503908177543,132.40316808901153,113224000.0,0.033613003121390594,137.47799072265624,139.21995391845704,39.79710306943904,0
135.7281951904297,141.75053227831364,135.5418338120233,141.5445499741852,88598000.0,-0.03224008490531649,137.14254760742188,139.23761138916015,34.79011156440343,1
139.68096923828125,140.16156968133146,137.5819791306435,138.36665154683308,85250900.0,0.029122718697509598,137.53292541503907,139.2336883544922,39.31916351612684,1
140.99525451660156,143.8887193551449,137.9154283383375,142.70191550699425,99136600.0,0.009409193575098174,138.46864624023436,139.00318908691406,42.949723962477485,1
141.10316467285156,142.1722730567363,138.78838952105372,138.974750883936,61758300.0,0.0007653460155092606,139.5514892578125,138.75406036376953,51.91985712207994,0
140.64219665527344,143.0942888035043,139.91637199149932,140.27929180657773,64522000.0,-0.0032668864560684296,139.6299560546875,138.55397338867186,58.076641130598055,1
144.4477996826172,145.01668666487555,139.91632474569775,140.13210997918807,86548600.0,0.027058757029169822,141.373876953125,139.25821228027343,57.58814729765871,1
146.58604431152344,147.3510957532076,143.2021606323234,144.3693587197694,75981900.0,0.014802888196320252,142.75489196777343,140.14390869140624,55.5298926162639,1
149.42062377929688,149.56775822916157,146.49773529844836,147.2137417287175,74732300.0,0.019337307866425624,144.4399658203125,141.45430603027344,59.03288444596271,0
146.4879608154297,149.07736899312695,145.20305222207165,148.06710843299678,88194300.0,-0.019626895469255334,145.5169250488281,142.53420715332032,55.61608956537204,0
142.02517700195312,146.19373355952823,141.36801811707775,145.23251764978033,109180200.0,-0.030465191737493957,145.79352111816405,142.71173858642578,56.904202117591794,1
152.7554931640625,154.48176014348397,144.98726930709842,145.3599770274502,164762400.0,0.07555221115451816,147.45505981445314,144.41446838378906,67.12886510969372,0
150.40150451660156,151.2842665764986,149.0087181195706,150.22496108445085,97943200.0,-0.015410173465465582,148.21815185546876,145.48652191162108,65.71816036571184,0
147.76304626464844,152.47106552613408,146.27218522217615,152.10816072803473,80379300.0,-0.017542765017100503,147.88663635253906,146.16330108642578,62.89550004921648,0
142.25074768066406,149.25392123210702,142.2213237765035,146.0956258102425,93604600.0,-0.037304987433134484,147.03919372558593,146.27805938720704,52.094442037957755,0
136.21856689453125,140.06344386766708,136.09105337060134,139.33761952846183,97918500.0,-0.04240526594400995,145.87787170410155,145.8356964111328,50.49756597235232,0
135.95330810546875,140.16807005387253,132.02345398469166,139.5982394074154,140814800.0,-0.0019473027437433288,142.5174346923828,144.98624725341796,45.91171434347383,1
136.48385620117188,136.70981865595215,133.29084915754692,134.70559929239224,83374600.0,0.003902428731572538,139.73390502929686,143.9760284423828,44.96560916743774,1
137.05369567871094,138.9498435557623,135.0789489012502,137.94774130575934,89908500.0,0.004175141979423147,137.59203491210937,142.7393356323242,45.52720124206769,0
132.50486755371094,136.12034157773795,132.22977893126608,136.07121539704306,74917800.0,-0.033190116490281474,135.64285888671876,141.34102630615234,41.75642620591065,1
144.29446411132812,144.29446411132812,137.05371017047622,138.7632027049217,118854000.0,0.08897481862572532,137.25803833007814,141.56795501708984,49.86629169619409,1
147.07484436035156,147.37940577392345,141.83830991998155,143.26289458275522,93979700.0,0.019268793616907365,139.4823455810547,140.99989013671876,50.421512201668996,0
145.6797332763672,147.64466090619808,144.8446330372058,146.35763570725214,73374100.0,-0.009485721980886042,141.32152099609374,140.5277130126953,46.69195124182544,1
147.4088592529297,150.89660867721872,145.95481705312972,149.5506380930854,89868300.0,0.011869365337745297,143.3925537109375,140.49229431152344,50.83205622335372,0
146.18077087402344,147.24183349471545,144.70707528826344,146.51481993344615,64218300.0,-0.008331170766331275,146.127734375,140.8852966308594,53.987786296204426,1
148.07693481445312,148.82360185357618,143.58706836561342,143.86215701114332,80389400.0,0.012971363669054492,146.884228515625,142.07113342285157,44.59374539360885,1
148.63693237304688,150.02220984195606,147.34008803390304,149.63904958366277,74829600.0,0.0037818013946293583,147.19664611816407,143.33949584960936,47.8727728984612,0
145.4144744873047,147.73308985978306,145.12956655626695,147.52678083863384,58724100.0,-0.021680061841255593,147.14359436035156,144.23255767822266,47.20806142424493,1
147.54638671875,147.7821833963105,144.353379792247,145.5323481888436,51804100.0,0.014660935501516592,147.1710998535156,145.28182678222657,56.84553901358595,1
148.4207763671875,149.16744327173927,146.7211036243146,146.82917521495273,58301400.0,0.005926201704310463,147.61910095214844,146.87341766357423,68.20046447731735,0
145.51268005371094,146.26918120067512,144.5400357218998,145.70916976960694,35195900.0,-0.01959359319265408,147.10625,146.9952392578125,63.21650037825743,0
141.69091796875,144.06847835661756,140.86565204725017,142.59478278627932,69246000.0,-0.02626411721336086,145.71704711914063,146.45684661865235,56.59860962219407,0
138.6944122314453,142.27057984792378,137.8887997144492,141.7596944766532,83763800.0,-0.021148184938469816,144.37303466796874,145.75831451416016,51.9587176652922,1
145.43411254882812,146.11201495746124,138.0852876520207,138.92037287256267,111380900.0,0.048593884994703185,143.95057983398436,145.56083984375,64.66789249501538,1
145.709228515625,146.51485616417156,144.0390427703287,145.61099111367253,71250400.0,0.0018916880089223653,143.40827026367188,145.51368560791016,52.17262934125171,0
145.2179718017578,145.40464232225125,143.09584639700262,143.4004227674544,65447400.0,-0.003371486616679964,143.34932861328124,145.22778930664063,46.93278501265782,0
144.05865478515625,148.2734173934748,143.21373541725012,145.17866278529172,68826400.0,-0.007983288860308524,143.8228759765625,144.76996154785155,47.30125118058671,0
140.40391540527344,144.71693119940028,139.431270776129,144.49096870660432,64727200.0,-0.025369800831011147,144.16477661132814,144.26890563964844,39.04090622192048,0
138.46844482421875,140.85582456681212,137.54492649061714,139.69652452502783,69721100.0,-0.013785018569232865,142.77164306640626,143.36111145019532,38.19549834482172,1
140.14845275878906,141.0032064446931,138.62564588690643,139.86354485762612,62128300.0,0.012132785463886853,141.65948791503905,142.53387908935548,37.78381532625097,0
139.66708374023438,143.01728952780834,138.42916952445157,139.8439200617972,76097000.0,-0.0034347080476384573,140.54931030273437,141.9493194580078,36.145711271728345,1
141.95619201660156,141.96601125722427,138.58633357333804,140.19757351667832,70462700.0,0.016389747784987696,140.12881774902343,141.97584686279296,44.499968452268284,1
142.91900634765625,147.34009332894186,141.71058010364294,146.87833415604433,93886200.0,0.00678247505358609,140.6318359375,142.39830627441407,42.35640342139541,0
140.69859313964844,144.08808894439065,138.68454012804153,142.80106426127074,82291200.0,-0.015536164606452463,141.07786560058594,141.92475433349608,37.787414362694356,0
134.10633850097656,139.3134007963263,133.64457921306823,138.63549822509023,98931900.0,-0.046853735290222964,139.86944274902345,140.76446533203125,33.8436334242525,0
132.1511993408203,135.23613504981998,131.38487878191776,134.2929782040358,160156900.0,-0.014579021260371028,138.36626586914062,139.4577880859375,35.73317073460154,0
130.04873657226562,132.82911109974094,129.01716151047765,132.7406929500806,79592600.0,-0.015909524688704435,135.98477478027343,138.05679626464843,36.71497176770597,0
129.97994995117188,130.91328746393052,127.61220884643004,129.08590439011405,77432800.0,-0.0005289295606153432,133.39696350097657,137.01439971923827,20.1290979424315,1
133.07469177246094,134.4108428696223,130.42204304769788,130.64800547841642,85928000.0,0.02380937846530662,131.87218322753907,136.4750244140625,27.97931374525355,0
129.91116333007812,132.20030541745464,128.01501569466643,131.9939964474779,77852100.0,-0.02377257764227625,131.03314819335938,135.4512954711914,25.595131224458328,0
129.5476531982422,130.09783042542833,127.3665827681792,128.62413499923468,63814900.0,-0.0027981439201828495,130.51243896484374,134.4393524169922,26.261554168237183,0
127.74976348876952,129.1055682957193,126.46273834186272,129.07609558176017,69007800.0,-0.013878211338351432,130.05264434814453,133.018709564209,27.960196122568874,0
123.82972717285156,128.73221899747332,123.66271014073897,127.39606774936588,85438400.0,-0.030685272589663692,128.82259979248047,131.10978164672852,26.152274371282203,1
127.33712768554688,128.19186635387044,125.49009852746012,125.74553370652504,75703700.0,0.028324382139673032,127.67508697509766,129.77363510131835,30.30206058103552,1
127.65152740478516,127.67118088033511,125.19537514897438,126.15819306959531,77034200.0,0.002469034169002793,127.22315979003906,129.1281539916992,31.430242388583423,0
122.87673950195312,128.6044974020352,121.99252063798394,127.9953746812147,112117500.0,-0.03740486306670732,125.88897705078125,128.2007080078125,22.617024519590004,1
124.14411163330078,126.40378110334797,122.88655931785308,124.66481618620304,89113600.0,0.010314174484809646,125.1678466796875,127.61024551391601,23.28764952313466,0
122.82762145996094,125.52939692056384,122.57218626779334,124.90062068574456,80962700.0,-0.010604531749588864,124.96742553710938,126.89501266479492,23.90245619852095,1
127.346923828125,128.00517262460522,122.69987531467848,123.80023721738742,87754700.0,0.03679386048876032,124.969384765625,126.32223587036133,39.49287032719314,1
127.86763763427734,131.07047871721036,127.61220248294386,128.18203319703136,70790800.0,0.004088939021841931,125.01260681152344,126.11788330078124,43.030648488379796,1
128.4375,128.95820466182693,125.87326865028986,127.97574077291436,63896200.0,0.004456658277777414,126.12475891113282,126.00686798095703,47.240921960687174,1
131.1490936279297,131.1687321095965,128.17222961380045,128.94836939344688,69458900.0,0.021112164499695885,127.5257553100586,126.34680099487305,51.835872900406514,0
131.0704803466797,131.90556546211644,129.1350257391296,131.53223946571177,71379600.0,-0.0005994191730598342,129.17432708740233,127.07087631225586,46.52354444531493,1
132.39678955078125,132.55398732492168,129.3511613806362,129.71466811603167,57809700.0,0.010119053509176856,130.1843002319336,127.5768424987793,54.60501022217398,1
133.5561065673828,134.88242345634274,131.77784981822288,132.46557135226192,63646600.0,0.008756383145959168,131.32199401855468,128.16730041503905,57.21357733551985,0
132.83895874023438,136.17933021057922,132.66210743185522,134.4207263168224,69672800.0,-0.005369637117915049,132.20228576660156,129.16352233886718,59.529133920808846,1
132.89785766601562,133.86066781311564,131.42416224055012,131.72872356322017,58280400.0,0.0004433859339143531,132.55203857421876,130.03889694213868,69.84950437111344,1
135.45230102539062,135.59967961374403,131.8663135769454,132.90772297331753,80223600.0,0.019221102613967922,133.42840270996095,131.30136489868164,68.53689072548994,1
138.63548278808594,140.80673462294286,135.48176704430378,135.6979103035641,81760300.0,0.023500388982676812,134.67614135742187,132.43022079467772,72.18260846788297,1
140.0305633544922,140.64952034187644,137.83967329148908,137.84949253259393,66435100.0,0.010062940153198197,135.97103271484374,133.64651336669922,90.11966025480889,0
139.37228393554688,139.9322803802267,136.37576702094836,138.4192930644909,65799300.0,-0.0047009695824679065,137.27769775390624,134.7399917602539,86.66040962213451,1
141.4355010986328,141.72040901629467,139.41161299424252,140.65934626942868,54105100.0,0.014803640328087564,138.9852264404297,135.7686325073242,93.24203762933755,1
143.37091064453125,144.64811636457318,140.57089828761406,140.64949717713105,70555800.0,0.01368404347469121,140.5689483642578,136.99867553710936,92.31969514770313,0
140.4923095703125,142.9975950119405,140.34494601130174,142.41794502488958,64015300.0,-0.020077999513833378,140.94031372070313,137.8082275390625,79.64936246580831,1
141.7596893310547,141.80881551729502,139.78494257033407,140.19757555057984,65874500.0,0.009020990292055053,141.28613891601563,138.6285858154297,80.29495388873197,1
142.87969970703125,144.03901475780756,138.84178798038548,141.44531098955775,77663600.0,0.007900767709507095,141.9876220703125,139.63265991210938,78.75728024598534,1
148.1751708984375,148.52884341135578,145.57163330132713,146.2888275489756,118339000.0,0.037062446255586856,143.33555603027344,141.16039123535157,83.39097212665402,1
151.7906494140625,154.62014981197694,145.23761799882098,145.43410775063012,154357300.0,0.024400029328146555,145.01950378417968,142.79422607421876,84.75363396734078,0
149.06919860839844,150.4151839414419,148.1358611817687,149.89447943002094,69858300.0,-0.017928975310200768,146.73488159179686,143.83759765625,76.32545744180604,1
151.93801879882812,152.50784959474225,147.99834440627268,147.99834440627268,83322600.0,0.01924488906635924,148.77054748535156,145.0283432006836,80.20500316607206,0
149.25588989257812,151.8692470443083,148.51904208604415,151.18152542311802,64120100.0,-0.01765278320366437,150.04578552246093,146.0167037963867,73.88804412349302,0
148.2242889404297,151.62361983119905,147.78218328763404,151.08326181502397,56007100.0,-0.006911626421516104,150.05560913085938,146.6955825805664,69.51941692555745,1
148.58836364746094,148.9130734935689,146.8270751036462,147.0632318137508,57450700.0,0.00245624188608895,149.41515197753907,147.2173278808594,66.64528180551515,1
151.38282775878906,151.7862414824205,148.49980618651492,148.52932389765635,62199000.0,0.018806749349217222,149.87787780761718,148.30637969970704,68.13670138076293,0
150.7432403564453,151.3041068890254,148.4407688328002,149.68055772689488,61707600.0,-0.004224966674310382,149.63892211914063,149.2047348022461,68.1774208892022,1
152.83908081054688,153.00635283510616,150.42837278798947,150.65468023132328,65573800.0,0.01390337934321817,150.35556030273438,150.20067291259767,68.21057792259374,0
151.24510192871094,153.82308261470098,150.890874314185,151.04829713189807,68167900.0,-0.01042913156362002,150.95972290039063,150.507666015625,62.71306779688575,0
150.10366821289062,150.5464488832577,148.4309328947845,149.90687847207133,59144100.0,-0.007546913594321358,151.26278381347657,150.3389678955078,66.43994717418425,0
146.0989532470703,148.87373860585663,146.0300835825423,147.79137232815333,58867200.0,-0.02667966088703755,150.2060089111328,150.041943359375,56.786662746453196,1
146.5220489501953,147.54536466728035,144.80011234851025,146.4826819914061,51011300.0,0.0028959530080239215,149.3617706298828,149.5003463745117,55.823632767994944,1
147.00418090820312,147.92910925221886,144.8788305804024,147.6831183102613,48394200.0,0.0032905078891689588,148.19479064941407,149.27517547607422,47.78714466633295,0
144.35733032226562,144.82962872471046,143.3832007915086,144.75090982195374,55469600.0,-0.018005274200944887,146.817236328125,148.88847961425782,35.419245697757106,1
145.54795837402344,146.77791341877497,145.0854940760689,145.341334334401,44998500.0,0.008247783809106402,145.90609436035157,148.58443908691407,42.65163673417399,0
145.0460968017578,146.689314426437,144.47539603761436,144.6918692589824,50547000.0,-0.0034480839021867604,145.69552307128907,147.95076599121094,34.040855669542125,0
142.9797821044922,144.86899086128216,142.68458995191014,144.4754113339038,55479000.0,-0.01424591728303981,144.98706970214843,147.17442016601564,35.040200884397635,1
143.5701904296875,144.3573646302391,141.59241318636302,142.0647267151534,52238100.0,0.004129313365184961,144.3002716064453,146.24753112792968,38.66810025508859,1
148.6080780029297,148.68679692265323,144.96741429678426,145.6660203114201,70732300.0,0.03509006680401017,145.15042114257812,145.98382873535155,50.03910151261115,1
151.36318969726562,153.79358207113015,150.9991278078858,151.323822727868,87558000.0,0.01853944772962901,146.31346740722657,146.10978088378906,49.9609889113936,0
149.16893005371094,151.55995507278075,148.70646582947896,151.2352451910372,56182000.0,-0.014496653036602414,147.13803405761718,146.41677856445312,47.05455807808302,1
150.4185333251953,151.00891757952724,149.39521763366128,150.35949790258118,47204800.0,0.008377101525327335,148.62578430175782,146.80642700195312,45.32320651619526,0
148.17507934570312,152.06173267895514,147.82085183856077,151.097452526104,53833600.0,-0.014914744412791059,149.54676208496093,146.92351684570312,44.213565192982784,0
146.11863708496094,148.5195113692859,145.24290982690115,147.80122193638456,68572400.0,-0.013878462355632393,149.0488739013672,147.09964752197266,42.73937733286108,1
148.05703735351562,150.6842189540097,145.33145336527863,145.43968998615728,84457100.0,0.013265934498332355,148.38764343261718,147.35055541992188,53.85807340756949,1
150.14303588867188,150.94004418166887,147.6929755826584,148.85404568502526,73695900.0,0.014089154912478197,148.58246459960938,147.8602493286133,56.695772300007164,1
150.53660583496094,150.7924309816341,147.51583019026037,148.7654682431246,77167900.0,0.0026213000420538535,148.6060791015625,148.61593170166014,56.55347185303075,1
153.3507843017578,153.9510028988609,149.20828955550553,149.71995500240442,76161100.0,0.018694313261467865,149.64122009277344,149.5939910888672,66.5820022698461,0
152.5143585205078,154.22646059542444,151.80590352496253,153.57704101382575,98944600.0,-0.00545432998636719,150.9203643798828,149.984619140625,63.01453819840365,1
154.8759002685547,155.28917828804447,151.67801783277878,152.58327776546486,73641400.0,0.015484061769366564,152.2841369628906,150.3358901977539,67.17080446681976,1
156.7257537841797,156.84382463636302,154.02968755125636,154.7971931327365,73938300.0,0.01194410177708316,153.60068054199218,151.0915725708008,74.1945758960944,0
155.29901123046875,159.53989288471735,155.27932775015748,156.7454392443716,75701800.0,-0.009103433987471155,154.55316162109375,151.57962036132812,70.05374380380903,1
156.38134765625,158.95934282613845,155.15139299961646,156.28296029217628,67622100.0,0.0069693710037537215,155.15927429199218,152.4002471923828,65.36953264678215,1
157.68019104003906,157.76874417421377,155.3186840441415,156.31248202721346,59196500.0,0.008305615748011919,156.19244079589845,153.55640258789063,63.25338656999381,0
155.74180603027344,158.19188156427322,155.33837722493854,157.37518971960662,52390300.0,-0.012293142194845674,156.3656219482422,154.32487945556642,63.93989367416971,0
155.1219024658203,155.94844355059743,153.47868455836303,155.4367781198492,45992200.0,-0.003980328598042759,156.04485168457032,154.82276611328126,60.2487441763965,1
158.19186401367188,158.46737267599335,156.7946372221569,156.8143056879684,51305700.0,0.01979063883985055,156.62342224121093,155.58829193115236,71.0679349919125,1
159.75637817382812,159.8646148025582,158.68386113447403,158.9396863414281,49501700.0,0.00988997866553376,157.29842834472657,156.22885131835938,79.28985705774517,1
162.255615234375,162.3540176143248,159.31357325147573,159.8350728342002,68749800.0,0.01564405183139228,158.21351318359376,157.2029769897461,79.77703337523265,1
163.5052490234375,163.6233198649464,161.586522778444,161.6357239671043,56976200.0,0.007701636625995434,159.76620178222657,158.06591186523437,79.04181568306997,0
162.9739227294922,164.16451047380076,162.46225736922722,163.92836877990578,46278300.0,-0.00324959777816769,161.33660583496095,158.69072875976562,76.87071600562277,0
161.1339111328125,162.40323287933546,159.20535043705326,162.0982064947886,51511700.0,-0.01129022094984966,161.92501525878907,159.27421875,67.55430192676596,1
162.01951599121094,162.3147081943001,159.40216814543908,159.82526545905753,45390100.0,0.005496079950970012,162.3776428222656,159.8380355834961,71.39076913778989,0
159.43167114257812,159.43167114257812,157.51294452082058,158.8314525568901,47716900.0,-0.015972426733907752,161.81285400390624,160.01318359375,60.14910568541909,0
158.22137451171875,159.7563555644006,157.93601661540757,159.74652133194326,47644200.0,-0.007591318727237173,160.7560791015625,160.26114044189453,53.42959253010346,0
157.53262329101562,159.46118408911326,157.2177476424543,158.6346580327857,50133100.0,-0.004353085813017743,159.66781921386718,160.50221252441406,55.301298543267386,1
162.90501403808594,163.14117071125375,158.83140526402408,159.03804422980758,68445600.0,0.034103353545669846,160.02203979492188,160.97352752685546,62.863789786475564,0
162.5606689453125,163.65286938363687,161.19295983913122,161.9506011686896,49386500.0,-0.0021137783560972734,160.1302703857422,161.25395660400392,60.000075036439576,1
162.58033752441406,162.7377753387549,161.39958394505072,162.44258319038994,41516200.0,0.00012099223772366052,160.76000366210937,161.28642883300782,65.20789587628727,1
163.8004608154297,164.7253892225956,162.99360326395418,163.43639900098648,49923000.0,0.007504740792116937,161.87582092285157,161.31595001220703,68.79801482535196,1
164.94183349609375,165.46333303592274,162.88533803142178,163.14117819260926,47720200.0,0.006968067580409132,163.3576629638672,161.5127410888672,65.9535119898559,0
163.97756958007812,165.17800667808302,162.90505258707114,163.42655222639002,52456400.0,-0.005846084620118264,163.57217407226562,161.79710693359374,60.26810503279677,0
162.37371826171875,163.78077935638615,161.85221862385353,162.4032359760057,58337300.0,-0.009780918954138684,163.53478393554687,161.83252716064453,50.3003716225656,1
162.67874145507812,162.9444158925364,161.26183114076272,162.35403159020615,41949600.0,0.001878525642109885,163.5544647216797,162.15723419189453,47.7918431175591,0
161.14376831054688,163.6430299514636,161.10440134757968,162.54099521393778,48714100.0,-0.009435609906996434,163.02312622070312,162.44947357177733,45.359301014568906,0
161.1339111328125,162.6295403559192,160.1893142654478,160.44513945575562,45498800.0,-6.117008332195972e-05,162.26154174804688,162.80960235595703,50.0,1
165.7093505859375,165.85693915334917,162.5409858833323,162.5409858833323,64902300.0,0.028395260941402656,162.60789794921874,163.09003601074218,58.54991235011303,1
166.958984375,167.1262714474298,165.18786139778672,165.7880799666726,55275900.0,0.007541118136326519,163.524951171875,163.52986755371094,68.59515035644066,0
166.8704376220703,167.71664719399982,165.93567490070697,166.5654112090663,52472900.0,-0.0005303503328146775,164.36329040527343,163.95887756347656,72.61992460889769,0
165.83726501464844,167.6182522416185,164.8533011388869,167.36241202489828,48425700.0,-0.006191465799123885,165.30198974609374,164.16255798339844,71.33480464600297,0
164.7647247314453,168.17908009941613,164.47938185396285,166.7818533947913,65136000.0,-0.006467426263381704,166.0281524658203,164.14484710693358,56.13247325678518,0
163.13136291503906,164.36131774887434,161.67510059572527,162.24580144031648,81235400.0,-0.009913298001550497,165.51255493164064,164.0602264404297,51.7344393876016,1
170.78660583496094,171.504895212846,168.02165491497223,168.23812815446027,113453200.0,0.04692686178260419,166.2780792236328,164.9015151977539,67.03435719932699,0
170.7176971435547,171.06209043449635,169.34998823962542,169.71404999386525,55962800.0,-0.00040347831183462635,167.0475311279297,165.70541076660157,65.07930700011842,0
169.01548767089844,170.75709300871614,168.8482156052712,170.27496029429,45326900.0,-0.009970902262258607,167.68317565917968,166.49258270263672,58.668446867688246,1
170.77676391601562,171.23922812803062,169.14338031673282,170.24543004162442,53724500.0,0.010420797936261827,168.88558349609374,167.45686798095704,63.99354576938875,1
170.96371459960938,171.79024060925457,169.40904995436452,171.06211698775132,49514700.0,0.0010947079644025859,170.45205383300782,167.98230438232423,68.77419501145886,0
170.0375213623047,171.50564580777203,168.49055408757272,171.07210045600348,45533100.0,-0.005417484285912932,170.30223693847657,168.2901580810547,65.65810705948435,0
169.5448455810547,170.66811525184778,168.95364468701064,170.6188460048669,37266700.0,-0.0028974533226713284,170.06766662597656,168.55759887695314,68.70563309747995,0
169.5448455810547,170.5991352991019,169.27880367524853,169.46601779285794,42110300.0,0.0,170.1735382080078,168.92835693359376,68.73580502382343,1
170.15573120117188,170.39219951568867,167.91903983890597,169.19011716888295,57951600.0,0.0036030916659459677,170.04933166503906,169.46745758056642,62.029210458962524,1
172.48110961914062,172.6683237371227,170.04735615510018,170.46119076780954,65496700.0,0.013666177457281714,170.35281066894532,170.40243225097657,64.11778015307675,1
172.5895233154297,173.80146880445517,172.37275062180032,173.80146880445517,55809500.0,0.0006285540284871605,170.86321105957032,170.58272399902344,64.60648848179127,0
171.64361572265625,172.14614110589002,170.9046219565987,171.42684301515672,43570900.0,-0.00548067793804996,171.28296508789063,170.6753158569336,64.89576001747446,0
169.04232788085938,170.83562631420236,168.7664381272472,170.5892951031298,50747300.0,-0.01515516805472139,171.18246154785157,170.6779998779297,60.17571204248915,1
169.3182373046875,169.8897275849513,168.01761617725649,168.57924358561866,45143500.0,0.0016321913409911293,171.01496276855468,170.5321472167969,65.73368339931348,1
170.45135498046875,171.34798918728478,169.17042964019168,169.87986475065702,56058300.0,0.006692236428980758,170.6090118408203,170.4809112548828,48.72422583136392,1
172.85556030273438,173.19058223460047,170.56961408423973,170.77653895289623,54835000.0,0.014104935232349014,170.66221923828124,170.7627151489258,56.9077367716794,1
174.69808959960938,176.36329091292328,173.978806707213,174.36308277683443,55964400.0,0.010659357984481588,171.2731140136719,171.27803955078124,68.19628525388268,0
174.6488037109375,176.7179916024166,174.16598919362923,174.72763149140792,99625300.0,-0.00028212036425145914,172.3944091796875,171.78843536376954,63.92545520397748,1
177.44712829589844,177.47668683522244,174.33349851829678,175.0922027756249,68901800.0,0.016022580890920235,174.0201873779297,172.5175750732422,69.62991640710396,1
178.29452514648438,179.11234656032465,176.62932377666553,178.37335293714096,61996900.0,0.004775489232899055,175.5888214111328,173.09891662597656,75.11969585137939,0
176.9446258544922,182.23581511366768,175.42721727327233,179.9498694414483,121946500.0,-0.007571176349263298,176.40663452148436,173.5344268798828,71.39587252621584,0
176.58006286621094,177.4766970018392,174.82617090162998,177.328904296753,64848400.0,-0.002060322468233844,176.78302917480468,174.02807159423827,69.9217750800224,0
175.21046447753906,178.5507149734009,174.71780207381394,175.82136104700194,61944600.0,-0.007756245900249703,176.895361328125,174.64488525390624,63.723890731535946,1
177.92010498046875,178.18613184931536,174.85574427470908,175.28927455408018,50214900.0,0.015465060896959315,176.98995666503907,175.50507202148438,64.46535214376965,1
178.30438232421875,179.55573399442156,177.9792233362159,178.83645110058313,48900000.0,0.0021598309184460707,176.99192810058594,176.29037475585938,64.97923067508904,1
181.0928649902344,181.191403498661,178.3142564640164,178.6098569544308,54274900.0,0.015638890248615533,177.8215759277344,177.11410522460938,72.58584771058187,0
180.619873046875,181.44754220802452,179.76264534674598,180.1173628493618,54929100.0,-0.0026118750917376587,178.6295379638672,177.70628356933594,80.80736635927477,1
181.25048828125,181.68403358526143,179.34881869349235,180.67899811094975,57462900.0,0.0034913945167669436,179.83754272460936,178.3664520263672,81.16295603188686,1
183.2802734375,183.78279874291368,181.08300318978328,181.26036948430115,65433200.0,0.011198784486033064,180.90957641601562,178.94976654052735,82.0057314880093,0
182.20623779296875,184.245867094745,181.5657827657163,183.98967305595488,101256200.0,-0.005860072251024362,181.68994750976563,179.34093780517577,74.98654458390953,1
182.29495239257812,183.3689679486228,181.70376647980103,181.70376647980103,49799100.0,0.0004868911223017136,181.93036499023438,179.87597045898437,72.39956664693055,0
181.2603302001953,182.68904794337553,179.91042519875955,182.1865227468729,49515700.0,-0.005675539442006716,182.05845642089844,180.3439971923828,68.42374707566651,1
184.2557373046875,184.3050065515812,180.97460392176268,181.0435838743865,51245300.0,0.0165254421702965,182.65950622558594,181.24852447509767,68.76680756208856,0
183.94041442871097,184.807505007212,182.29492392440983,182.82700770116728,53117000.0,-0.0017113327410538393,182.79153442382812,181.85055541992188,66.0322109614327,0
182.5511016845703,185.2903030023189,182.51168027914116,184.08820572936608,48088700.0,-0.007553058681832536,182.86050720214843,182.27522735595704,65.88473530484941,1
185.30015563964844,185.62531458599344,182.94523027205375,183.1620029029505,50730800.0,0.01505909265794636,183.4615478515625,182.69595642089843,71.7655590154843,1
186.47271728515625,187.11317238738192,184.84693738882143,185.17208134019785,51216800.0,0.006327904266783646,184.5040252685547,183.28124084472657,78.39010073890576,1
186.8077087402344,187.28067542760263,186.16725369069167,186.3051985491253,46347300.0,0.0017964636326175398,185.0144195556641,183.83696289062502,75.4510736102493,1
191.12342834472656,191.62593851624817,188.45319186108495,188.81777221441135,85213200.0,0.02310247062926818,186.45102233886718,184.62127838134768,79.9627796430754,0
189.6356201171875,191.0347795474039,188.9458807202263,190.93624105216273,31458200.0,-0.007784541332397588,187.86792602539063,185.36421661376954,71.26021508642941,0
188.5222015380859,190.1479814937267,187.8226142934088,188.75868490984945,46920300.0,-0.005871357809326905,188.51233520507813,185.9869415283203,69.05886795063623,1
188.99513244628903,189.20205725316632,186.42343432149448,187.0540415419299,45094300.0,0.0025086218193117737,189.01681823730468,186.7604217529297,68.82172367477372,0
187.88172912597656,189.84253092683244,187.4481988352347,188.60102706839623,46815000.0,-0.005891174581593495,189.2316223144531,187.1230209350586,61.70418882509056,0
185.84213256835935,187.20188576037833,184.29516523716504,186.4825877482977,59922200.0,-0.0108557472145131,188.17536315917965,187.31319274902344,58.815203397605615,0
185.3199157714844,186.52201339622223,183.8616390759319,186.3840685065736,46638100.0,-0.0028100021758136196,187.31222229003905,187.59007415771484,57.18301387731448,1
186.9850921630859,188.88676181703667,185.70416691161032,186.8964015042781,60750200.0,0.008985415219240789,187.00480041503906,187.7585678100586,63.198651350830296,1
187.74378967285156,188.38425984411805,186.99494820191867,187.70438329432417,41342300.0,0.004057529405092408,186.75453186035156,187.88567504882812,58.966618524204755,1
187.8916015625,188.3744011257073,186.8471596075647,187.4383455076915,41616200.0,0.000787306413202904,186.75650634765626,187.99406433105466,60.245420036701375,1
191.1431427001953,191.4683016532262,188.99512705028692,189.0838026643331,50520200.0,0.01730540966523053,187.81670837402345,187.99603576660155,70.31702596564764,0
190.8869781494141,191.47817907078496,189.5962050071137,190.5125649317522,48288200.0,-0.00134017128295838,188.93012084960938,188.12117156982418,64.97643940509514,1
192.23687744140625,195.32093388898537,189.82281961650224,190.26622781119136,80507300.0,0.007071720161736517,189.98047790527343,188.49263916015624,65.30629610000642,0
190.29579162597656,193.58677299126168,189.6750321641012,192.22701989757817,59581200.0,-0.010097364466509995,190.49087829589843,188.622705078125,58.534383565837516,0
189.1232757568359,192.10880919119532,188.4236884179387,191.2515812847552,71951700.0,-0.006161543873998143,190.73721313476562,188.74685974121093,44.21662698783857,1
189.92135620117188,192.04966138875844,189.4286937985748,190.5716741809672,45377800.0,0.004219895415528363,190.49285583496095,189.1547821044922,50.8605192341627,1
190.778564453125,191.58653792745972,190.0888401670233,190.49282690419068,37283200.0,0.0045134905789381286,190.47117309570314,189.70064697265624,56.90174213295783,1
191.64569091796875,192.76896069007793,190.48301476563847,190.82786945588313,47471900.0,0.004545198604095857,190.35293579101562,190.16670684814454,57.916593367830245,0
190.3844757080078,194.30606454519105,189.72430983845956,193.1433883962488,47460200.0,-0.0065809734824707755,190.37067260742188,190.43077545166017,57.40968960800296,1
192.95616149902344,193.7444243627897,191.29096014596897,191.8131810983056,48291400.0,0.013507854468973735,191.1372497558594,190.9372314453125,70.4186429469242,1
193.5670623779297,193.60648379116893,192.39452340931743,193.1827862905988,38824100.0,0.003166008663109343,191.86639099121095,191.17962341308595,73.5510167088316,0
192.7393798828125,193.8429388199064,192.41422090280528,193.36013930235927,35175100.0,-0.004275946976460165,192.25855407714843,191.36486358642577,67.25773871467004,0
189.7538146972656,192.31564965558928,189.03453194362456,192.1777048119477,50389300.0,-0.015490167019122647,191.88017883300782,191.1165573120117,55.31795328498027,0
188.36453247070312,189.54691917513856,187.89158079590143,188.7586713954234,61235200.0,-0.007321498272795934,191.47619018554687,190.92343139648438,51.17411121516003,0
179.3192901611328,184.63019095429203,179.25031019901363,182.797485975556,115956800.0,-0.04801988034014393,188.74881591796876,189.94303283691406,27.203651708531723,0
176.225341796875,180.4425306256819,174.74735463626894,179.45720585194456,97576100.0,-0.01725385128101753,185.2804718017578,188.57343139648438,24.52050181245407,1
177.16139221191406,177.62449604499406,174.97397007455905,177.05300588853655,67823000.0,0.005311667467883252,182.1648742675781,187.2117141723633,23.41895877355404,0
175.5750274658203,178.27480777933516,174.41233639065635,178.2156906972674,60378500.0,-0.008954347932625173,179.32911682128906,185.60464782714843,23.715614027057654,0
175.3582763671875,178.097478428752,174.9937109597073,176.84611157664116,54686900.0,-0.0012345212286810625,176.72786560058594,184.1020278930664,24.55365378529015,1
175.41746520996094,176.23639103718068,174.19402209160106,174.95375100085724,52036700.0,0.0003375309338093935,175.94750061035157,182.34815826416016,22.43467013893924,1
177.065185546875,177.29211207450308,174.9438673937282,175.59506357405235,43675600.0,0.009393137307860844,176.11546936035157,180.69797058105468,24.697371873631,0
175.08201599121094,177.0849254578291,174.68735981208974,176.49294118914725,43622600.0,-0.011200222954834027,175.69959411621093,178.93223419189454,20.647153210537326,0
174.21377563476562,176.15747319458026,174.1447025205994,174.76630032742042,46964900.0,-0.004959049343416844,175.42734375,177.37823028564452,20.93878833715692,0
171.6780548095703,175.1412101505236,171.1649897406694,174.77615243783515,66062900.0,-0.014555225704489527,174.69129943847656,175.70958251953124,11.710504060468807,1
172.16151428222656,172.76337470680727,169.6652772069575,170.0007364455324,61172200.0,0.0028160819575484553,174.04010925292968,174.99380493164062,11.303692996877459,1
173.49346923828125,173.77960771425435,171.4215020828672,172.7337554755455,46311900.0,0.0077366591575815935,173.32576599121094,174.72061767578126,15.830799472061074,1
174.8649139404297,175.30890581271296,173.89799596554266,174.69718434668556,42038900.0,0.007904877965549506,173.2823455810547,174.4909698486328,21.959094997657914,1
178.70301818847656,179.12728783194132,175.9502562936072,176.1377232252428,52722800.0,0.021948967128730956,174.18019409179686,174.80376892089845,33.3407003158857,0
174.02626037597656,178.6832744289853,173.66118769058747,178.25900483655056,54945800.0,-0.026170558616796624,174.64983520507812,174.67056732177736,39.254422648719576,1
176.22653198242188,176.7593193055493,173.47376987845638,175.01294998434398,51449600.0,0.012643330964486221,175.46283874511718,174.75147399902343,50.002507216282766,1
177.7854461669922,178.1801023209798,176.1673318473753,177.68677460091166,43820700.0,0.008846081047125143,176.32123413085938,174.82350006103516,51.281000795574855,1
181.6629638671875,182.4325537749521,177.1046213280948,177.30194937146643,53003900.0,0.021810096291870806,177.68084411621095,175.48159484863282,61.42235567136926,1
185.14588928222656,185.34323241647965,182.27473336292013,182.4720614420058,60813900.0,0.01917245728515926,178.96941833496095,176.5748062133789,66.35882552466546,1
185.3629608154297,186.5962801694583,184.97816577917948,185.33336235534645,60794500.0,0.001172435067527955,181.23675842285155,177.94329681396485,66.53543946314392,1
186.93174743652344,187.38560051082152,185.76748618147488,186.96134589549212,45766500.0,0.00846332306191333,183.37780151367187,179.42032012939453,66.44737344133847,1
187.1685333251953,187.44479564304945,185.1064270757959,185.7674844117445,45280000.0,0.0012666970266903554,185.2544189453125,180.78782653808594,71.39361450429924,0
180.4691467285156,186.32988234003625,179.04836051297525,185.88587535630464,81755800.0,-0.03579333810902863,185.01565551757812,181.34824981689454,59.177723013439504,0
175.19053649902344,175.8318715643951,171.22417743783686,172.84229174782251,112488800.0,-0.029249377664720244,183.0245849609375,180.99700164794922,54.76954341309301,1
175.80223083496094,177.83475336123297,175.4174358773743,175.96997548136457,65551300.0,0.003491594626978678,181.11243896484376,181.17459869384766,54.92651461655042,1
176.96649169921875,177.89395007164453,174.9734438173143,177.66702357259294,58953100.0,0.006622560241290598,179.1193878173828,181.24859466552735,54.72102149690116,0
173.94735717773438,177.72624932161176,172.4871113411862,177.09479044187466,90370200.0,-0.017060486945832953,176.47515258789062,180.86478576660156,48.8062041727763,0
171.88525390625,174.93401565723292,171.6583123112636,174.15454941477398,84267900.0,-0.011854754823192759,174.7583740234375,179.88701477050782,40.69989188946166,1
173.39480590820312,173.75000241444866,171.2636268707299,171.67802028548886,60895800.0,0.008782324065893743,174.39922790527345,178.71190643310547,49.0571651846232,0
172.67454528808594,174.14466716160445,171.50043808217407,174.12492983939754,109259500.0,-0.004153876561322711,173.77369079589843,177.44306488037108,44.45123523856425,1
175.5950469970703,176.9862345995646,173.81906442528663,174.12492516303394,67257600.0,0.016913330821933803,173.49940185546876,176.30939483642578,46.71787287982133,1
176.68038940429688,177.23291401853146,174.7662755227223,175.15107052586188,51826900.0,0.006180939757626902,174.04600830078124,175.26058044433594,41.85225884494694,0
173.14816284179688,177.3019736755132,173.0593524132158,176.8678428874874,58436200.0,-0.019992182349209298,174.29859008789063,174.52848205566406,30.412333894843613,0
171.60897827148438,173.9473619674597,171.53992021743218,172.2207148989756,63149100.0,-0.008889407459199195,173.94142456054686,174.17032623291016,28.47430880632821,1
172.45745849609375,174.71690737052137,171.72734327191537,172.33906468788402,56725400.0,0.004944264764906947,173.89800720214845,173.83584899902343,26.82446896620469,1
173.73028564453125,174.60840835340898,171.82603288281885,171.87536866413782,46172700.0,0.00738052827368052,173.52505493164062,173.5122283935547,29.174267235773314,0
169.66526794433594,172.8620217812148,169.3692683155077,172.4871029695211,64588900.0,-0.023398440203527437,172.12203063964844,173.08401947021486,31.76818783187997,0
168.15567016601562,170.73084132501634,166.7940959712009,170.3164478696235,66921800.0,-0.008897506228650043,171.1235321044922,172.7110610961914,36.39826690654147,1
168.4122314453125,169.7343462157436,165.38319180250966,167.08024048447163,56294400.0,0.0015257367119621001,170.48418273925782,172.21280364990236,35.51267455140565,1
168.92527770996094,170.76045735672912,168.06687727418498,169.7244661753788,51861100.0,0.0030463717524877865,169.77774658203126,171.83787689208984,33.82299221338626,1
171.43138122558594,171.97404472395215,168.64900568223578,168.93514418826848,52164500.0,0.014835574341502067,169.31796569824218,171.4215103149414,44.83177333987798,0
170.099365234375,171.31296207551728,168.54046313149794,169.96123409658216,49594600.0,-0.0077699659285725975,169.40478515625,170.7634078979492,46.2180551031698,1
171.34259033203125,171.88525384459265,168.68848474300435,168.80687858022958,53020300.0,0.007308816796248729,170.04216918945312,170.58285064697264,45.60447820704387,1
172.5758819580078,173.10866919518492,170.3756298015613,171.47081778563685,48527900.0,0.007197811259807896,170.8748992919922,170.679541015625,49.79322298403602,1
175.12147521972656,175.61480292776608,170.8689777300858,171.48071432556827,57266700.0,0.014750573677138501,172.1141387939453,170.9459426879883,48.99165015107703,1
176.6014404296875,176.6606373398207,173.45400756283908,174.45052401213383,42390800.0,0.008451077791024941,173.1481506347656,171.2330581665039,49.8346766256905,0
176.00946044921875,177.32171396949087,175.57532965392068,175.72333700059065,43698000.0,-0.0033520676786576997,174.33016967773438,171.8674774169922,56.83314870419497,1
177.40061950683594,177.4499552810768,175.22998093671887,175.8219650621156,47551100.0,0.00790388797321806,175.54177551269532,172.7919723510742,63.929672149316765,1
178.2985076904297,179.90674578858014,176.6507798893927,177.6670488234186,56743100.0,0.00506135878267977,176.6863006591797,173.78059997558594,64.01519561646884,0
176.4633026123047,179.50218762206515,175.76277074017605,178.99899884980246,51427100.0,-0.010292879631451424,176.9546661376953,174.5344024658203,56.38535970789575,0
176.3350372314453,176.6902337432856,174.15452238414363,174.39132507709223,52517000.0,-0.0007268671670572768,176.90138549804686,175.02476806640624,69.09587825050633,0
174.78598022460938,176.03903666999224,172.46734930467605,174.29265257502803,57549400.0,-0.008784737458629732,176.656689453125,175.4934295654297,68.94010984221079,0
173.49346923828125,175.21025492862336,172.77321506438722,173.23694427289632,54764400.0,-0.007394820709688332,175.87525939941406,175.7085174560547,63.70395854458301,0
173.1185760498047,175.466805839834,172.85217485644313,173.69082297603654,59302900.0,-0.0021608489940430076,174.83927307128906,175.76278686523438,61.39411810557425,0
170.57298278808594,173.07908076842247,170.33618008275127,172.97054807703984,64244000.0,-0.01470433341010391,173.6612091064453,175.3079376220703,47.67253662726329,1
170.69137573242188,171.68789221712717,167.66233657820504,168.62926966195786,55980100.0,0.0006940896641469685,172.53247680664063,174.71693115234376,51.718261454928744,1
171.12550354003906,171.35243005141567,169.1620540054936,170.74070856198065,43816600.0,0.0025433493974396093,171.80038146972657,174.2285354614258,49.33887254696946,0
168.8167724609375,170.75060892905034,168.3727654144791,169.5863625938841,57157000.0,-0.013491449441148773,170.86504211425782,173.37015075683593,39.255611913349526,0
164.6629180908203,169.0930062294273,163.459197305812,168.0964746462511,70625300.0,-0.02460569710914451,169.17391052246094,172.006591796875,22.62390521502678,1
165.9751739501953,166.70530437202822,164.60372353518264,164.6826577744484,58499100.0,0.00796934655713577,168.2543487548828,170.95777893066406,21.938537441582525,1
168.01751708984375,168.88577853365425,166.61646843152695,166.76447575317525,51131000.0,0.01230511221070496,167.71957702636718,170.12602691650392,30.396794979279946,1
168.4911346435547,168.61938959873203,165.6594236135805,167.09008588386948,44846000.0,0.00281885818761185,167.1927032470703,169.49654235839844,27.116130468453605,1
171.64842224121094,171.9049471971035,167.84979334743332,168.71805482147735,56934900.0,0.018738597756704056,167.759033203125,169.3120376586914,34.695654861066245,1
175.20040893554688,175.40759814141026,173.118565411641,173.17776232760195,77334800.0,0.020693383882925964,169.8665313720703,169.5202209472656,47.3064493557804,0
174.2926788330078,174.46042350768224,171.0367278993792,171.91485064572058,79829200.0,-0.005181095797972657,171.5300323486328,169.8921905517578,45.78415031012235,1
176.8382568359375,177.035584920202,173.85856813665714,174.02629776104038,63841300.0,0.014605191795626915,173.29418029785157,170.5068786621094,54.068925291605616,1
179.39366149902344,180.00538292517788,176.5816880659098,176.7888772337267,70530000.0,0.014450519411400409,175.4746856689453,171.3336944580078,61.14009072832151,1
180.44940185546875,181.00192645947115,179.16674685036813,179.91661457451394,49340300.0,0.005885048265493298,177.23488159179686,172.49695739746093,63.49431586776478,0
179.97579956054688,181.66297171772456,179.38380034968415,180.51846299464347,53763500.0,-0.0026245711543073647,178.18995971679686,174.0282455444336,68.73768883704778,1
184.15484619140625,184.32281184408907,181.3194195461175,181.7541222530608,66133400.0,0.023220047590084336,180.16239318847656,175.8462127685547,73.0923965955843,0
182.57411193847656,183.7892925333636,181.9912220269046,183.58183039704093,43627500.0,-0.008583723348158379,181.30956420898437,177.30187225341797,68.89339465472472,1
185.18234252929688,185.8442707665973,184.05607409829287,185.43920547847273,60108400.0,0.01428587307985496,182.46730041503906,178.9709930419922,76.74338929360792,1
185.74545288085935,187.21751156501972,185.5182274044454,185.5873915048758,53790500.0,0.003040842576410352,183.52651062011716,180.38069610595704,89.03209148040943,1
187.4250030517578,188.65994715340477,186.37775779056017,187.28668991537344,54412900.0,0.00904221419608997,185.01635131835937,181.60315551757813,89.17925506415902,0
187.4052276611328,188.08691917335904,186.29872264128753,187.95848017105547,50922700.0,-0.00010551095266375654,185.6664276123047,182.91441040039064,88.23795660241876,1
189.14402770996097,189.598493753426,187.59294582194016,187.60281994734137,46505100.0,0.009278289995048983,186.98041076660155,184.14498748779297,88.7970492058906,0
188.34378051757812,189.21318592585277,187.4546268591155,189.10451024981845,38134500.0,-0.0042308879750090345,187.61269836425782,185.03999938964844,84.40988682743834,1
189.0057373046875,190.60622016215152,188.53152295340232,189.18357710829596,39617700.0,0.003514619836610944,188.26475524902344,185.8956329345703,82.30146693400502,0
187.68185424804688,188.60064536615056,186.970525284031,188.57100791556655,24048300.0,-0.007004459629214588,188.31612548828124,186.6662384033203,80.72933191851479,0
187.5039978027344,188.3734031425855,186.6247183385664,187.63243679384848,40552600.0,-0.0009476485940799195,188.33587951660158,187.00115356445312,77.4636288341582,1
188.1066741943359,188.77849160556613,187.11871894105684,187.49414676130317,38415400.0,0.0032142055564892136,188.12840881347657,187.55440979003907,74.9439105364319,0
187.0890655517578,189.77630481775705,186.69388951411068,188.60063575450744,43014200.0,-0.005409742354632208,187.8774658203125,187.74508209228514,69.049847605422,1
187.66207885742188,188.02763251612237,185.92328320995225,187.55340318726755,48794400.0,0.003062783514226952,187.60873413085938,187.9367446899414,71.92760678938834,1
188.93658447265625,189.25272234216075,186.95078459310412,188.03754149609296,45704800.0,0.006791492575347169,187.85968017578125,188.08790283203126,66.35123515023007,0
187.1483612060547,187.76090372984268,185.1922139752508,187.69173962433385,43389500.0,-0.009464674465205825,187.7885528564453,188.06221618652344,65.42286867888657,1
191.09031677246097,192.05850876803487,187.88933609882633,187.91898862751913,66628400.0,0.021063265213773885,188.38528137207032,188.25684509277343,68.27604697201573,0
190.00355529785156,192.4141533735728,189.79607806848605,192.10788966712872,41089700.0,-0.005687161406003893,188.96817932128906,188.42282257080078,62.75888429544249,1
191.9300537109375,192.6512567588297,191.25823636118903,191.29776300970337,47477700.0,0.010139275604953424,189.8217742919922,188.7152542114258,63.30197851628849,1
193.35272216796875,193.62934842275143,191.33728508312288,191.86090014217592,53406400.0,0.007412431922589446,190.7050018310547,189.28234100341797,66.21750154571274,0
190.85321044921875,191.1594892758114,189.1144144313186,190.7840614125706,60943700.0,-0.012927212457751858,191.4459716796875,189.6172622680664,54.47491740341086,1
192.3647918701172,192.37466599656705,189.41079996137955,190.75441983366463,52696900.0,0.007920125720392912,191.70086669921875,190.04307403564454,60.14960910749875,1
195.5756378173828,195.6151493963814,192.50309623143957,192.74019585543425,70404200.0,0.016691442940522938,192.815283203125,190.89173126220703,64.69277456667129,1
195.72378540039065,197.21559217390632,193.79727597101643,195.63487305941916,66831600.0,0.0007574950779205558,193.57402954101562,191.6979019165039,68.98306696422793,0
195.1903076171875,196.01029713155145,194.6271659416612,195.1507809689053,128538400.0,-0.0027256665923961476,193.94154663085936,192.32327423095703,67.84403604726944,0
193.53054809570312,194.2616403879697,192.0486152607036,193.72813612536964,55751900.0,-0.008503288619942873,194.47701416015624,192.96149291992188,62.00261082675957,1
194.56790161132812,194.57777573643529,193.5305456250714,193.797297752966,40714100.0,0.005360153866313722,194.91763610839843,193.3092514038086,66.53563203965307,0
192.4833068847656,195.29897006409448,192.4833068847656,194.52836624027825,52242800.0,-0.010713970337855372,194.299169921875,193.5572265625,59.99181589689284,0
192.33509826660156,194.7061996333918,191.16931844438724,193.7380078229936,46482500.0,-0.0007699816704248574,193.62143249511718,193.5977310180664,57.38820580627224,0
191.2681427001953,193.0563392932213,190.6457260678158,192.82909873139977,37149600.0,-0.00554737838294761,192.83699951171874,193.38927307128907,59.24616720729404,0
190.72474670410156,191.55462542072405,190.50739536284337,191.2779991818499,28919300.0,-0.002841016744463798,192.27583923339844,193.37642669677734,49.031846660157825,1
190.82354736328125,191.16933772508392,188.78836199381533,190.1715083660255,48087700.0,0.0005180274761773518,191.52696838378907,193.22230224609376,52.29153039042024,1
191.24835205078125,192.3153453788488,190.84328683757997,191.80160450052028,34049900.0,0.0022261649223576097,191.27997741699218,192.7895736694336,47.920386690027954,0
190.2110290527344,192.0585006042798,189.4206618129017,191.56452296375952,42672100.0,-0.005423957837667581,190.85516357421875,192.23829803466796,40.18512939417756,0
